There are 818 section headers, starting at offset 0x3e02ec8:

Section Headers:
  [Nr] Name              Type             Address           Offset
       Size              EntSize          Flags  Link  Info  Align
  [ 0]                   NULL             0000000000000000  00000000
       0000000000000000  0000000000000000           0     0     0
  [ 1] .text             PROGBITS         0000000083000000  00001000
       00000000000155ac  0000000000000000  AX       0     0     16
  [ 2] .boot_stack       NOBITS           0000000083200000  00017000
       0000000000200000  0000000000000000   A       0     0     4096
  [ 3] .hv_heap          NOBITS           0000000084000000  00100000
       0000000040000000  0000000000000000   A       0     0     1048576
  [ 4] .guest_kernel     PROGBITS         00000000d0000000  00100000
       0000000000062000  0000000000000000   A       0     0     4096
  [ 5] .guest_dtb        PROGBITS         00000000d0062000  00162000
       0000000000096000  0000000000000000   A       0     0     4096
  [ 6] .guest_initrd     PROGBITS         00000000d00f8000  001f8000
       0000000003bb0000  0000000000000000   A       0     0     4096
  [ 7] .root_page_table  PROGBITS         00000000d3ca8000  03da8000
       0000000000004000  0000000000000000   A       0     0     16384
  [ 8] .rodata._ZN6[...] PROGBITS         00000000d3cac000  03dac000
       0000000000000060  0000000000000000   A       0     0     8
  [ 9] .rodata.cst8      PROGBITS         00000000d3cac060  03dac060
       0000000000000138  0000000000000008  AM       0     0     8
  [10] .rodata           PROGBITS         00000000d3cac198  03dac198
       00000000000000c0  0000000000000000   A       0     0     1
  [11] .rodata._ZN6[...] PROGBITS         00000000d3cac258  03dac258
       00000000000001b8  0000000000000000   A       0     0     8
  [12] .rodata._ZN4[...] PROGBITS         00000000d3cac410  03dac410
       0000000000000140  0000000000000000   A       0     0     8
  [13] .rodata.cst32     PROGBITS         00000000d3cac550  03dac550
       0000000000000120  0000000000000020  AM       0     0     8
  [14] .rodata._ZN1[...] PROGBITS         00000000d3cac670  03dac670
       0000000000000060  0000000000000000   A       0     0     8
  [15] .rodata._ZN4[...] PROGBITS         00000000d3cac6d0  03dac6d0
       0000000000000060  0000000000000000   A       0     0     8
  [16] .rodata._ZN4[...] PROGBITS         00000000d3cac730  03dac730
       0000000000000c78  0000000000000000   A       0     0     8
  [17] .rodata..Lan[...] PROGBITS         00000000d3cad3a8  03dad3a8
       0000000000000030  0000000000000000   A       0     0     1
  [18] .rodata..Lan[...] PROGBITS         00000000d3cad3d8  03dad3d8
       0000000000000018  0000000000000000   A       0     0     8
  [19] .rodata..Lan[...] PROGBITS         00000000d3cad3f0  03dad3f0
       0000000000000018  0000000000000000   A       0     0     8
  [20] .rodata..Lan[...] PROGBITS         00000000d3cad408  03dad408
       0000000000000018  0000000000000000   A       0     0     8
  [21] .rodata..Lan[...] PROGBITS         00000000d3cad420  03dad420
       0000000000000035  0000000000000000   A       0     0     1
  [22] .rodata..Lan[...] PROGBITS         00000000d3cad458  03dad458
       0000000000000018  0000000000000000   A       0     0     8
  [23] .rodata..Lan[...] PROGBITS         00000000d3cad470  03dad470
       000000000000000c  0000000000000000   A       0     0     1
  [24] .rodata..Lan[...] PROGBITS         00000000d3cad47c  03dad47c
       000000000000000c  0000000000000000   A       0     0     1
  [25] .rodata..Lan[...] PROGBITS         00000000d3cad488  03dad488
       000000000000000d  0000000000000000   A       0     0     1
  [26] .rodata..Lan[...] PROGBITS         00000000d3cad495  03dad495
       000000000000000d  0000000000000000   A       0     0     1
  [27] .rodata..Lan[...] PROGBITS         00000000d3cad4a2  03dad4a2
       000000000000000d  0000000000000000   A       0     0     1
  [28] .rodata..Lan[...] PROGBITS         00000000d3cad4af  03dad4af
       000000000000000d  0000000000000000   A       0     0     1
  [29] .rodata..Lan[...] PROGBITS         00000000d3cad4bc  03dad4bc
       000000000000000d  0000000000000000   A       0     0     1
  [30] .rodata.cst16     PROGBITS         00000000d3cad4d0  03dad4d0
       00000000000000a0  0000000000000010  AM       0     0     8
  [31] .rodata..Lan[...] PROGBITS         00000000d3cad570  03dad570
       0000000000000012  0000000000000000   A       0     0     1
  [32] .rodata..Lan[...] PROGBITS         00000000d3cad582  03dad582
       000000000000000c  0000000000000000   A       0     0     1
  [33] .rodata..Lan[...] PROGBITS         00000000d3cad58e  03dad58e
       0000000000000007  0000000000000000   A       0     0     1
  [34] .rodata..Lan[...] PROGBITS         00000000d3cad595  03dad595
       000000000000000c  0000000000000000   A       0     0     1
  [35] .rodata..Lan[...] PROGBITS         00000000d3cad5a1  03dad5a1
       0000000000000007  0000000000000000   A       0     0     1
  [36] .rodata..Lan[...] PROGBITS         00000000d3cad5a8  03dad5a8
       0000000000000007  0000000000000000   A       0     0     1
  [37] .rodata..Lan[...] PROGBITS         00000000d3cad5af  03dad5af
       0000000000000007  0000000000000000   A       0     0     1
  [38] .rodata..Lan[...] PROGBITS         00000000d3cad5b6  03dad5b6
       0000000000000007  0000000000000000   A       0     0     1
  [39] .rodata..Lan[...] PROGBITS         00000000d3cad5bd  03dad5bd
       0000000000000007  0000000000000000   A       0     0     1
  [40] .rodata..Lan[...] PROGBITS         00000000d3cad5c4  03dad5c4
       0000000000000009  0000000000000000   A       0     0     1
  [41] .rodata..Lan[...] PROGBITS         00000000d3cad5cd  03dad5cd
       0000000000000009  0000000000000000   A       0     0     1
  [42] .rodata..Lan[...] PROGBITS         00000000d3cad5d6  03dad5d6
       0000000000000009  0000000000000000   A       0     0     1
  [43] .rodata..Lan[...] PROGBITS         00000000d3cad5df  03dad5df
       000000000000000b  0000000000000000   A       0     0     1
  [44] .rodata..Lan[...] PROGBITS         00000000d3cad5ea  03dad5ea
       0000000000000007  0000000000000000   A       0     0     1
  [45] .rodata..Lan[...] PROGBITS         00000000d3cad5f1  03dad5f1
       0000000000000007  0000000000000000   A       0     0     1
  [46] .rodata..Lan[...] PROGBITS         00000000d3cad5f8  03dad5f8
       0000000000000009  0000000000000000   A       0     0     1
  [47] .rodata..Lan[...] PROGBITS         00000000d3cad601  03dad601
       0000000000000009  0000000000000000   A       0     0     1
  [48] .rodata..Lan[...] PROGBITS         00000000d3cad60a  03dad60a
       0000000000000006  0000000000000000   A       0     0     1
  [49] .rodata..Lan[...] PROGBITS         00000000d3cad610  03dad610
       0000000000000007  0000000000000000   A       0     0     1
  [50] .rodata..Lan[...] PROGBITS         00000000d3cad617  03dad617
       0000000000000007  0000000000000000   A       0     0     1
  [51] .rodata..Lan[...] PROGBITS         00000000d3cad61e  03dad61e
       0000000000000005  0000000000000000   A       0     0     1
  [52] .rodata..Lan[...] PROGBITS         00000000d3cad623  03dad623
       0000000000000001  0000000000000000   A       0     0     1
  [53] .rodata..Lan[...] PROGBITS         00000000d3cad624  03dad624
       0000000000000001  0000000000000000   A       0     0     1
  [54] .rodata..Lan[...] PROGBITS         00000000d3cad625  03dad625
       0000000000000001  0000000000000000   A       0     0     1
  [55] .rodata..Lan[...] PROGBITS         00000000d3cad626  03dad626
       0000000000000003  0000000000000000   A       0     0     1
  [56] .rodata..Lan[...] PROGBITS         00000000d3cad629  03dad629
       0000000000000003  0000000000000000   A       0     0     1
  [57] .rodata..Lan[...] PROGBITS         00000000d3cad62c  03dad62c
       0000000000000006  0000000000000000   A       0     0     1
  [58] .rodata..Lan[...] PROGBITS         00000000d3cad632  03dad632
       0000000000000005  0000000000000000   A       0     0     1
  [59] .rodata..Lan[...] PROGBITS         00000000d3cad637  03dad637
       0000000000000007  0000000000000000   A       0     0     1
  [60] .rodata..Lan[...] PROGBITS         00000000d3cad63e  03dad63e
       0000000000000006  0000000000000000   A       0     0     1
  [61] .rodata.cst4      PROGBITS         00000000d3cad644  03dad644
       0000000000000104  0000000000000004  AM       0     0     4
  [62] .rodata..Lan[...] PROGBITS         00000000d3cad748  03dad748
       0000000000000020  0000000000000000   A       0     0     8
  [63] .rodata..Lan[...] PROGBITS         00000000d3cad768  03dad768
       0000000000000020  0000000000000000   A       0     0     8
  [64] .rodata..Lan[...] PROGBITS         00000000d3cad788  03dad788
       0000000000000020  0000000000000000   A       0     0     8
  [65] .rodata..Lan[...] PROGBITS         00000000d3cad7a8  03dad7a8
       0000000000000020  0000000000000000   A       0     0     8
  [66] .rodata..Lan[...] PROGBITS         00000000d3cad7c8  03dad7c8
       0000000000000020  0000000000000000   A       0     0     8
  [67] .rodata..Lan[...] PROGBITS         00000000d3cad7e8  03dad7e8
       0000000000000003  0000000000000000   A       0     0     1
  [68] .rodata..Lan[...] PROGBITS         00000000d3cad7eb  03dad7eb
       0000000000000002  0000000000000000   A       0     0     1
  [69] .rodata..Lan[...] PROGBITS         00000000d3cad7ed  03dad7ed
       0000000000000003  0000000000000000   A       0     0     1
  [70] .rodata..Lan[...] PROGBITS         00000000d3cad7f0  03dad7f0
       0000000000000003  0000000000000000   A       0     0     1
  [71] .rodata..Lan[...] PROGBITS         00000000d3cad7f3  03dad7f3
       0000000000000003  0000000000000000   A       0     0     1
  [72] .rodata..Lan[...] PROGBITS         00000000d3cad7f6  03dad7f6
       000000000000000b  0000000000000000   A       0     0     1
  [73] .rodata..Lan[...] PROGBITS         00000000d3cad801  03dad801
       000000000000000d  0000000000000000   A       0     0     1
  [74] .rodata..Lan[...] PROGBITS         00000000d3cad810  03dad810
       0000000000000070  0000000000000000   A       0     0     8
  [75] .rodata..Lan[...] PROGBITS         00000000d3cad880  03dad880
       000000000000000b  0000000000000000   A       0     0     1
  [76] .rodata..Lan[...] PROGBITS         00000000d3cad88b  03dad88b
       0000000000000003  0000000000000000   A       0     0     1
  [77] .rodata..Lan[...] PROGBITS         00000000d3cad88e  03dad88e
       0000000000000005  0000000000000000   A       0     0     1
  [78] .rodata..Lan[...] PROGBITS         00000000d3cad893  03dad893
       0000000000000003  0000000000000000   A       0     0     1
  [79] .rodata..Lan[...] PROGBITS         00000000d3cad896  03dad896
       0000000000000003  0000000000000000   A       0     0     1
  [80] .rodata..Lan[...] PROGBITS         00000000d3cad899  03dad899
       0000000000000003  0000000000000000   A       0     0     1
  [81] .rodata..Lan[...] PROGBITS         00000000d3cad89c  03dad89c
       0000000000000003  0000000000000000   A       0     0     1
  [82] .rodata..Lan[...] PROGBITS         00000000d3cad89f  03dad89f
       0000000000000003  0000000000000000   A       0     0     1
  [83] .rodata..Lan[...] PROGBITS         00000000d3cad8a2  03dad8a2
       0000000000000002  0000000000000000   A       0     0     1
  [84] .rodata..Lan[...] PROGBITS         00000000d3cad8a4  03dad8a4
       0000000000000002  0000000000000000   A       0     0     1
  [85] .rodata..Lan[...] PROGBITS         00000000d3cad8a6  03dad8a6
       0000000000000002  0000000000000000   A       0     0     1
  [86] .rodata..Lan[...] PROGBITS         00000000d3cad8a8  03dad8a8
       0000000000000003  0000000000000000   A       0     0     1
  [87] .rodata..Lan[...] PROGBITS         00000000d3cad8ab  03dad8ab
       0000000000000003  0000000000000000   A       0     0     1
  [88] .rodata..Lan[...] PROGBITS         00000000d3cad8ae  03dad8ae
       0000000000000002  0000000000000000   A       0     0     1
  [89] .rodata..Lan[...] PROGBITS         00000000d3cad8b0  03dad8b0
       0000000000000002  0000000000000000   A       0     0     1
  [90] .rodata..Lan[...] PROGBITS         00000000d3cad8b2  03dad8b2
       0000000000000002  0000000000000000   A       0     0     1
  [91] .rodata..Lan[...] PROGBITS         00000000d3cad8b4  03dad8b4
       0000000000000005  0000000000000000   A       0     0     1
  [92] .rodata..Lan[...] PROGBITS         00000000d3cad8b9  03dad8b9
       0000000000000003  0000000000000000   A       0     0     1
  [93] .rodata..Lan[...] PROGBITS         00000000d3cad8bc  03dad8bc
       0000000000000003  0000000000000000   A       0     0     1
  [94] .rodata..Lan[...] PROGBITS         00000000d3cad8bf  03dad8bf
       0000000000000003  0000000000000000   A       0     0     1
  [95] .rodata..Lan[...] PROGBITS         00000000d3cad8c2  03dad8c2
       0000000000000003  0000000000000000   A       0     0     1
  [96] .rodata..Lan[...] PROGBITS         00000000d3cad8c5  03dad8c5
       0000000000000003  0000000000000000   A       0     0     1
  [97] .rodata..Lan[...] PROGBITS         00000000d3cad8c8  03dad8c8
       0000000000000003  0000000000000000   A       0     0     1
  [98] .rodata..Lan[...] PROGBITS         00000000d3cad8cb  03dad8cb
       0000000000000003  0000000000000000   A       0     0     1
  [99] .rodata..Lan[...] PROGBITS         00000000d3cad8ce  03dad8ce
       0000000000000003  0000000000000000   A       0     0     1
  [100] .rodata..Lan[...] PROGBITS         00000000d3cad8d1  03dad8d1
       0000000000000002  0000000000000000   A       0     0     1
  [101] .rodata..Lan[...] PROGBITS         00000000d3cad8d3  03dad8d3
       0000000000000003  0000000000000000   A       0     0     1
  [102] .rodata..Lan[...] PROGBITS         00000000d3cad8d6  03dad8d6
       0000000000000005  0000000000000000   A       0     0     1
  [103] .rodata..Lan[...] PROGBITS         00000000d3cad8db  03dad8db
       0000000000000006  0000000000000000   A       0     0     1
  [104] .rodata..Lan[...] PROGBITS         00000000d3cad8e1  03dad8e1
       0000000000000003  0000000000000000   A       0     0     1
  [105] .rodata..Lan[...] PROGBITS         00000000d3cad8e4  03dad8e4
       0000000000000002  0000000000000000   A       0     0     1
  [106] .rodata..Lan[...] PROGBITS         00000000d3cad8e6  03dad8e6
       0000000000000002  0000000000000000   A       0     0     1
  [107] .rodata..Lan[...] PROGBITS         00000000d3cad8e8  03dad8e8
       0000000000000005  0000000000000000   A       0     0     1
  [108] .rodata..Lan[...] PROGBITS         00000000d3cad8ed  03dad8ed
       0000000000000005  0000000000000000   A       0     0     1
  [109] .rodata..Lan[...] PROGBITS         00000000d3cad8f2  03dad8f2
       0000000000000005  0000000000000000   A       0     0     1
  [110] .rodata..Lan[...] PROGBITS         00000000d3cad8f7  03dad8f7
       0000000000000005  0000000000000000   A       0     0     1
  [111] .rodata..Lan[...] PROGBITS         00000000d3cad8fc  03dad8fc
       0000000000000009  0000000000000000   A       0     0     1
  [112] .rodata..Lan[...] PROGBITS         00000000d3cad905  03dad905
       0000000000000007  0000000000000000   A       0     0     1
  [113] .rodata..Lan[...] PROGBITS         00000000d3cad90c  03dad90c
       0000000000000009  0000000000000000   A       0     0     1
  [114] .rodata..Lan[...] PROGBITS         00000000d3cad915  03dad915
       0000000000000009  0000000000000000   A       0     0     1
  [115] .rodata..Lan[...] PROGBITS         00000000d3cad91e  03dad91e
       0000000000000009  0000000000000000   A       0     0     1
  [116] .rodata..Lan[...] PROGBITS         00000000d3cad927  03dad927
       0000000000000007  0000000000000000   A       0     0     1
  [117] .rodata..Lan[...] PROGBITS         00000000d3cad92e  03dad92e
       0000000000000009  0000000000000000   A       0     0     1
  [118] .rodata..Lan[...] PROGBITS         00000000d3cad937  03dad937
       0000000000000009  0000000000000000   A       0     0     1
  [119] .rodata..Lan[...] PROGBITS         00000000d3cad940  03dad940
       0000000000000003  0000000000000000   A       0     0     1
  [120] .rodata..Lan[...] PROGBITS         00000000d3cad943  03dad943
       0000000000000002  0000000000000000   A       0     0     1
  [121] .rodata..Lan[...] PROGBITS         00000000d3cad945  03dad945
       0000000000000001  0000000000000000   A       0     0     1
  [122] .rodata..Lan[...] PROGBITS         00000000d3cad946  03dad946
       0000000000000002  0000000000000000   A       0     0     1
  [123] .rodata..Lan[...] PROGBITS         00000000d3cad948  03dad948
       0000000000000002  0000000000000000   A       0     0     1
  [124] .rodata..Lan[...] PROGBITS         00000000d3cad94a  03dad94a
       0000000000000003  0000000000000000   A       0     0     1
  [125] .rodata..Lan[...] PROGBITS         00000000d3cad94d  03dad94d
       0000000000000006  0000000000000000   A       0     0     1
  [126] .rodata..Lan[...] PROGBITS         00000000d3cad953  03dad953
       0000000000000005  0000000000000000   A       0     0     1
  [127] .rodata..Lan[...] PROGBITS         00000000d3cad958  03dad958
       0000000000000003  0000000000000000   A       0     0     1
  [128] .rodata..Lan[...] PROGBITS         00000000d3cad95b  03dad95b
       0000000000000003  0000000000000000   A       0     0     1
  [129] .rodata..Lan[...] PROGBITS         00000000d3cad95e  03dad95e
       0000000000000005  0000000000000000   A       0     0     1
  [130] .rodata..Lan[...] PROGBITS         00000000d3cad963  03dad963
       0000000000000005  0000000000000000   A       0     0     1
  [131] .rodata..Lan[...] PROGBITS         00000000d3cad968  03dad968
       0000000000000005  0000000000000000   A       0     0     1
  [132] .rodata..Lan[...] PROGBITS         00000000d3cad96d  03dad96d
       0000000000000003  0000000000000000   A       0     0     1
  [133] .rodata..Lan[...] PROGBITS         00000000d3cad970  03dad970
       0000000000000003  0000000000000000   A       0     0     1
  [134] .rodata..Lan[...] PROGBITS         00000000d3cad973  03dad973
       0000000000000003  0000000000000000   A       0     0     1
  [135] .rodata..Lan[...] PROGBITS         00000000d3cad976  03dad976
       0000000000000003  0000000000000000   A       0     0     1
  [136] .rodata..Lan[...] PROGBITS         00000000d3cad979  03dad979
       0000000000000003  0000000000000000   A       0     0     1
  [137] .rodata..Lan[...] PROGBITS         00000000d3cad97c  03dad97c
       0000000000000005  0000000000000000   A       0     0     1
  [138] .rodata..Lan[...] PROGBITS         00000000d3cad981  03dad981
       0000000000000005  0000000000000000   A       0     0     1
  [139] .rodata..Lan[...] PROGBITS         00000000d3cad986  03dad986
       0000000000000005  0000000000000000   A       0     0     1
  [140] .rodata..Lan[...] PROGBITS         00000000d3cad98b  03dad98b
       0000000000000005  0000000000000000   A       0     0     1
  [141] .rodata..Lan[...] PROGBITS         00000000d3cad990  03dad990
       0000000000000003  0000000000000000   A       0     0     1
  [142] .rodata..Lan[...] PROGBITS         00000000d3cad993  03dad993
       0000000000000003  0000000000000000   A       0     0     1
  [143] .rodata..Lan[...] PROGBITS         00000000d3cad996  03dad996
       0000000000000005  0000000000000000   A       0     0     1
  [144] .rodata..Lan[...] PROGBITS         00000000d3cad99b  03dad99b
       0000000000000005  0000000000000000   A       0     0     1
  [145] .rodata..Lan[...] PROGBITS         00000000d3cad9a0  03dad9a0
       0000000000000005  0000000000000000   A       0     0     1
  [146] .rodata..Lan[...] PROGBITS         00000000d3cad9a5  03dad9a5
       0000000000000005  0000000000000000   A       0     0     1
  [147] .rodata..Lan[...] PROGBITS         00000000d3cad9aa  03dad9aa
       0000000000000003  0000000000000000   A       0     0     1
  [148] .rodata..Lan[...] PROGBITS         00000000d3cad9ad  03dad9ad
       000000000000000a  0000000000000000   A       0     0     1
  [149] .rodata..Lan[...] PROGBITS         00000000d3cad9b7  03dad9b7
       0000000000000005  0000000000000000   A       0     0     1
  [150] .rodata..Lan[...] PROGBITS         00000000d3cad9bc  03dad9bc
       0000000000000005  0000000000000000   A       0     0     1
  [151] .rodata..Lan[...] PROGBITS         00000000d3cad9c1  03dad9c1
       0000000000000005  0000000000000000   A       0     0     1
  [152] .rodata..Lan[...] PROGBITS         00000000d3cad9c6  03dad9c6
       0000000000000006  0000000000000000   A       0     0     1
  [153] .rodata..Lan[...] PROGBITS         00000000d3cad9cc  03dad9cc
       0000000000000006  0000000000000000   A       0     0     1
  [154] .rodata..Lan[...] PROGBITS         00000000d3cad9d2  03dad9d2
       0000000000000006  0000000000000000   A       0     0     1
  [155] .rodata..Lan[...] PROGBITS         00000000d3cad9d8  03dad9d8
       0000000000000009  0000000000000000   A       0     0     1
  [156] .rodata..Lan[...] PROGBITS         00000000d3cad9e1  03dad9e1
       000000000000000b  0000000000000000   A       0     0     1
  [157] .rodata..Lan[...] PROGBITS         00000000d3cad9ec  03dad9ec
       0000000000000007  0000000000000000   A       0     0     1
  [158] .rodata..Lan[...] PROGBITS         00000000d3cad9f3  03dad9f3
       0000000000000006  0000000000000000   A       0     0     1
  [159] .rodata..Lan[...] PROGBITS         00000000d3cad9f9  03dad9f9
       0000000000000009  0000000000000000   A       0     0     1
  [160] .rodata..Lan[...] PROGBITS         00000000d3cada02  03dada02
       0000000000000006  0000000000000000   A       0     0     1
  [161] .rodata..Lan[...] PROGBITS         00000000d3cada08  03dada08
       000000000000000a  0000000000000000   A       0     0     1
  [162] .rodata..Lan[...] PROGBITS         00000000d3cada12  03dada12
       0000000000000005  0000000000000000   A       0     0     1
  [163] .rodata..Lan[...] PROGBITS         00000000d3cada17  03dada17
       000000000000000b  0000000000000000   A       0     0     1
  [164] .rodata..Lan[...] PROGBITS         00000000d3cada22  03dada22
       000000000000000b  0000000000000000   A       0     0     1
  [165] .rodata..Lan[...] PROGBITS         00000000d3cada2d  03dada2d
       0000000000000005  0000000000000000   A       0     0     1
  [166] .rodata..Lan[...] PROGBITS         00000000d3cada32  03dada32
       0000000000000012  0000000000000000   A       0     0     1
  [167] .rodata..Lan[...] PROGBITS         00000000d3cada44  03dada44
       0000000000000009  0000000000000000   A       0     0     1
  [168] .rodata..Lan[...] PROGBITS         00000000d3cada4d  03dada4d
       000000000000000f  0000000000000000   A       0     0     1
  [169] .rodata..Lan[...] PROGBITS         00000000d3cada5c  03dada5c
       0000000000000012  0000000000000000   A       0     0     1
  [170] .rodata..Lan[...] PROGBITS         00000000d3cada70  03dada70
       0000000000000040  0000000000000000   A       0     0     8
  [171] .rodata..Lan[...] PROGBITS         00000000d3cadab0  03dadab0
       0000000000000016  0000000000000000   A       0     0     1
  [172] .rodata..Lan[...] PROGBITS         00000000d3cadac8  03dadac8
       0000000000000018  0000000000000000   A       0     0     8
  [173] .rodata..Lan[...] PROGBITS         00000000d3cadae0  03dadae0
       0000000000000018  0000000000000000   A       0     0     8
  [174] .rodata..Lan[...] PROGBITS         00000000d3cadaf8  03dadaf8
       0000000000000018  0000000000000000   A       0     0     8
  [175] .rodata..Lan[...] PROGBITS         00000000d3cadb10  03dadb10
       0000000000000018  0000000000000000   A       0     0     8
  [176] .rodata..Lan[...] PROGBITS         00000000d3cadb28  03dadb28
       0000000000000018  0000000000000000   A       0     0     8
  [177] .rodata..Lan[...] PROGBITS         00000000d3cadb40  03dadb40
       0000000000000018  0000000000000000   A       0     0     8
  [178] .rodata..Lan[...] PROGBITS         00000000d3cadb58  03dadb58
       0000000000000018  0000000000000000   A       0     0     8
  [179] .rodata..Lan[...] PROGBITS         00000000d3cadb70  03dadb70
       0000000000000019  0000000000000000   A       0     0     1
  [180] .rodata..Lan[...] PROGBITS         00000000d3cadb89  03dadb89
       000000000000000f  0000000000000000   A       0     0     1
  [181] .rodata..Lan[...] PROGBITS         00000000d3cadb98  03dadb98
       0000000000000002  0000000000000000   A       0     0     1
  [182] .rodata..Lan[...] PROGBITS         00000000d3cadba0  03dadba0
       0000000000000030  0000000000000000   A       0     0     8
  [183] .rodata..Lan[...] PROGBITS         00000000d3cadbd0  03dadbd0
       0000000000000060  0000000000000000   A       0     0     8
  [184] .rodata..Lan[...] PROGBITS         00000000d3cadc30  03dadc30
       0000000000000029  0000000000000000   A       0     0     1
  [185] .rodata..Lan[...] PROGBITS         00000000d3cadc60  03dadc60
       0000000000000018  0000000000000000   A       0     0     8
  [186] .rodata..Lan[...] PROGBITS         00000000d3cadc78  03dadc78
       000000000000003a  0000000000000000   A       0     0     1
  [187] .rodata..Lan[...] PROGBITS         00000000d3cadcb2  03dadcb2
       0000000000000006  0000000000000000   A       0     0     1
  [188] .rodata..Lan[...] PROGBITS         00000000d3cadcb8  03dadcb8
       0000000000000007  0000000000000000   A       0     0     1
  [189] .rodata..Lan[...] PROGBITS         00000000d3cadcc0  03dadcc0
       0000000000000050  0000000000000000   A       0     0     8
  [190] .rodata..Lan[...] PROGBITS         00000000d3cadd10  03dadd10
       00000000000000c0  0000000000000000   A       0     0     8
  [191] .rodata..Lan[...] PROGBITS         00000000d3caddd0  03daddd0
       0000000000000018  0000000000000000   A       0     0     8
  [192] .rodata..Lan[...] PROGBITS         00000000d3cadde8  03dadde8
       0000000000000020  0000000000000000   A       0     0     8
  [193] .rodata..Lan[...] PROGBITS         00000000d3cade08  03dade08
       0000000000000018  0000000000000000   A       0     0     8
  [194] .rodata..Lan[...] PROGBITS         00000000d3cade20  03dade20
       0000000000000018  0000000000000000   A       0     0     8
  [195] .rodata..Lan[...] PROGBITS         00000000d3cade38  03dade38
       0000000000000018  0000000000000000   A       0     0     8
  [196] .rodata..Lan[...] PROGBITS         00000000d3cade50  03dade50
       0000000000000023  0000000000000000   A       0     0     1
  [197] .rodata..Lan[...] PROGBITS         00000000d3cade78  03dade78
       0000000000000010  0000000000000000   A       0     0     8
  [198] .rodata..Lan[...] PROGBITS         00000000d3cade88  03dade88
       0000000000000018  0000000000000000   A       0     0     8
  [199] .rodata..Lan[...] PROGBITS         00000000d3cadea0  03dadea0
       0000000000000018  0000000000000000   A       0     0     8
  [200] .rodata..Lan[...] PROGBITS         00000000d3cadeb8  03dadeb8
       0000000000000018  0000000000000000   A       0     0     8
  [201] .rodata..Lan[...] PROGBITS         00000000d3caded0  03daded0
       0000000000000018  0000000000000000   A       0     0     8
  [202] .rodata..Lan[...] PROGBITS         00000000d3cadee8  03dadee8
       0000000000000018  0000000000000000   A       0     0     8
  [203] .rodata..Lan[...] PROGBITS         00000000d3cadf00  03dadf00
       0000000000000018  0000000000000000   A       0     0     8
  [204] .rodata..Lan[...] PROGBITS         00000000d3cadf18  03dadf18
       0000000000000018  0000000000000000   A       0     0     8
  [205] .rodata..Lan[...] PROGBITS         00000000d3cadf30  03dadf30
       0000000000000018  0000000000000000   A       0     0     8
  [206] .rodata..Lan[...] PROGBITS         00000000d3cadf48  03dadf48
       0000000000000018  0000000000000000   A       0     0     8
  [207] .rodata..Lan[...] PROGBITS         00000000d3cadf60  03dadf60
       0000000000000018  0000000000000000   A       0     0     8
  [208] .rodata..Lan[...] PROGBITS         00000000d3cadf78  03dadf78
       0000000000000018  0000000000000000   A       0     0     8
  [209] .rodata..Lan[...] PROGBITS         00000000d3cadf90  03dadf90
       0000000000000021  0000000000000000   A       0     0     1
  [210] .rodata..Lan[...] PROGBITS         00000000d3cadfb8  03dadfb8
       0000000000000010  0000000000000000   A       0     0     8
  [211] .rodata..Lan[...] PROGBITS         00000000d3cadfc8  03dadfc8
       0000000000000018  0000000000000000   A       0     0     8
  [212] .rodata..Lan[...] PROGBITS         00000000d3cadfe0  03dadfe0
       0000000000000018  0000000000000000   A       0     0     8
  [213] .rodata..Lan[...] PROGBITS         00000000d3cadff8  03dadff8
       0000000000000018  0000000000000000   A       0     0     8
  [214] .rodata..Lan[...] PROGBITS         00000000d3cae010  03dae010
       0000000000000028  0000000000000000   A       0     0     1
  [215] .rodata..Lan[...] PROGBITS         00000000d3cae038  03dae038
       0000000000000018  0000000000000000   A       0     0     8
  [216] .rodata..Lan[...] PROGBITS         00000000d3cae050  03dae050
       0000000000000020  0000000000000000   A       0     0     8
  [217] .rodata..Lan[...] PROGBITS         00000000d3cae070  03dae070
       0000000000000026  0000000000000000   A       0     0     1
  [218] .rodata..Lan[...] PROGBITS         00000000d3cae098  03dae098
       0000000000000018  0000000000000000   A       0     0     8
  [219] .rodata..Lan[...] PROGBITS         00000000d3cae0b0  03dae0b0
       000000000000002d  0000000000000000   A       0     0     1
  [220] .rodata..Lan[...] PROGBITS         00000000d3cae0e0  03dae0e0
       0000000000000018  0000000000000000   A       0     0     8
  [221] .rodata..Lan[...] PROGBITS         00000000d3cae0f8  03dae0f8
       000000000000002d  0000000000000000   A       0     0     1
  [222] .rodata..Lan[...] PROGBITS         00000000d3cae128  03dae128
       0000000000000018  0000000000000000   A       0     0     8
  [223] .rodata..Lan[...] PROGBITS         00000000d3cae140  03dae140
       0000000000000018  0000000000000000   A       0     0     8
  [224] .rodata..Lan[...] PROGBITS         00000000d3cae158  03dae158
       000000000000000f  0000000000000000   A       0     0     1
  [225] .rodata..Lan[...] PROGBITS         00000000d3cae168  03dae168
       0000000000000018  0000000000000000   A       0     0     8
  [226] .rodata..Lan[...] PROGBITS         00000000d3cae180  03dae180
       0000000000000018  0000000000000000   A       0     0     8
  [227] .rodata..Lan[...] PROGBITS         00000000d3cae198  03dae198
       0000000000000018  0000000000000000   A       0     0     8
  [228] .rodata..Lan[...] PROGBITS         00000000d3cae1b0  03dae1b0
       0000000000000018  0000000000000000   A       0     0     8
  [229] .rodata..Lan[...] PROGBITS         00000000d3cae1c8  03dae1c8
       0000000000000018  0000000000000000   A       0     0     8
  [230] .rodata..Lan[...] PROGBITS         00000000d3cae1e0  03dae1e0
       0000000000000018  0000000000000000   A       0     0     8
  [231] .rodata..Lan[...] PROGBITS         00000000d3cae1f8  03dae1f8
       0000000000000018  0000000000000000   A       0     0     8
  [232] .rodata..Lan[...] PROGBITS         00000000d3cae210  03dae210
       0000000000000018  0000000000000000   A       0     0     8
  [233] .rodata..Lan[...] PROGBITS         00000000d3cae228  03dae228
       0000000000000018  0000000000000000   A       0     0     8
  [234] .rodata..Lan[...] PROGBITS         00000000d3cae240  03dae240
       0000000000000018  0000000000000000   A       0     0     8
  [235] .rodata..Lan[...] PROGBITS         00000000d3cae258  03dae258
       0000000000000018  0000000000000000   A       0     0     8
  [236] .rodata..Lan[...] PROGBITS         00000000d3cae270  03dae270
       0000000000000018  0000000000000000   A       0     0     8
  [237] .rodata..Lan[...] PROGBITS         00000000d3cae288  03dae288
       0000000000000018  0000000000000000   A       0     0     8
  [238] .rodata..Lan[...] PROGBITS         00000000d3cae2a0  03dae2a0
       0000000000000027  0000000000000000   A       0     0     1
  [239] .rodata..Lan[...] PROGBITS         00000000d3cae2c8  03dae2c8
       0000000000000018  0000000000000000   A       0     0     8
  [240] .rodata..Lan[...] PROGBITS         00000000d3cae2e0  03dae2e0
       0000000000000018  0000000000000000   A       0     0     8
  [241] .rodata..Lan[...] PROGBITS         00000000d3cae2f8  03dae2f8
       0000000000000018  0000000000000000   A       0     0     8
  [242] .rodata..Lan[...] PROGBITS         00000000d3cae310  03dae310
       0000000000000018  0000000000000000   A       0     0     8
  [243] .rodata..Lan[...] PROGBITS         00000000d3cae328  03dae328
       0000000000000012  0000000000000000   A       0     0     1
  [244] .rodata..Lan[...] PROGBITS         00000000d3cae33a  03dae33a
       000000000000000e  0000000000000000   A       0     0     1
  [245] .rodata..Lan[...] PROGBITS         00000000d3cae348  03dae348
       0000000000000030  0000000000000000   A       0     0     8
  [246] .rodata..Lan[...] PROGBITS         00000000d3cae378  03dae378
       0000000000000060  0000000000000000   A       0     0     8
  [247] .rodata..Lan[...] PROGBITS         00000000d3cae3d8  03dae3d8
       0000000000000018  0000000000000000   A       0     0     8
  [248] .rodata..Lan[...] PROGBITS         00000000d3cae3f0  03dae3f0
       0000000000000018  0000000000000000   A       0     0     8
  [249] .rodata..Lan[...] PROGBITS         00000000d3cae408  03dae408
       0000000000000018  0000000000000000   A       0     0     8
  [250] .rodata..Lan[...] PROGBITS         00000000d3cae420  03dae420
       0000000000000018  0000000000000000   A       0     0     8
  [251] .rodata..Lan[...] PROGBITS         00000000d3cae438  03dae438
       0000000000000021  0000000000000000   A       0     0     1
  [252] .rodata..Lan[...] PROGBITS         00000000d3cae460  03dae460
       0000000000000018  0000000000000000   A       0     0     8
  [253] .rodata..Lan[...] PROGBITS         00000000d3cae478  03dae478
       0000000000000011  0000000000000000   A       0     0     1
  [254] .rodata..Lan[...] PROGBITS         00000000d3cae490  03dae490
       0000000000000010  0000000000000000   A       0     0     8
  [255] .rodata..Lan[...] PROGBITS         00000000d3cae4a0  03dae4a0
       0000000000000018  0000000000000000   A       0     0     8
  [256] .rodata..Lan[...] PROGBITS         00000000d3cae4b8  03dae4b8
       0000000000000018  0000000000000000   A       0     0     8
  [257] .rodata..Lan[...] PROGBITS         00000000d3cae4d0  03dae4d0
       0000000000000018  0000000000000000   A       0     0     8
  [258] .rodata..Lan[...] PROGBITS         00000000d3cae4e8  03dae4e8
       0000000000000018  0000000000000000   A       0     0     8
  [259] .rodata..Lan[...] PROGBITS         00000000d3cae500  03dae500
       0000000000000018  0000000000000000   A       0     0     8
  [260] .rodata..Lan[...] PROGBITS         00000000d3cae518  03dae518
       0000000000000018  0000000000000000   A       0     0     8
  [261] .rodata..Lan[...] PROGBITS         00000000d3cae530  03dae530
       0000000000000018  0000000000000000   A       0     0     8
  [262] .rodata..Lan[...] PROGBITS         00000000d3cae548  03dae548
       0000000000000027  0000000000000000   A       0     0     1
  [263] .rodata..Lan[...] PROGBITS         00000000d3cae570  03dae570
       0000000000000010  0000000000000000   A       0     0     8
  [264] .rodata..Lan[...] PROGBITS         00000000d3cae580  03dae580
       0000000000000018  0000000000000000   A       0     0     8
  [265] .rodata..Lan[...] PROGBITS         00000000d3cae598  03dae598
       0000000000000020  0000000000000000   A       0     0     8
  [266] .rodata..Lan[...] PROGBITS         00000000d3cae5b8  03dae5b8
       0000000000000018  0000000000000000   A       0     0     8
  [267] .rodata..Lan[...] PROGBITS         00000000d3cae5d0  03dae5d0
       0000000000000018  0000000000000000   A       0     0     8
  [268] .rodata..Lan[...] PROGBITS         00000000d3cae5e8  03dae5e8
       0000000000000018  0000000000000000   A       0     0     8
  [269] .rodata..Lan[...] PROGBITS         00000000d3cae600  03dae600
       0000000000000018  0000000000000000   A       0     0     8
  [270] .rodata..Lan[...] PROGBITS         00000000d3cae618  03dae618
       0000000000000015  0000000000000000   A       0     0     1
  [271] .rodata..Lan[...] PROGBITS         00000000d3cae630  03dae630
       0000000000000018  0000000000000000   A       0     0     8
  [272] .rodata..Lan[...] PROGBITS         00000000d3cae648  03dae648
       0000000000000018  0000000000000000   A       0     0     1
  [273] .rodata..Lan[...] PROGBITS         00000000d3cae660  03dae660
       0000000000000010  0000000000000000   A       0     0     8
  [274] .rodata..Lan[...] PROGBITS         00000000d3cae670  03dae670
       0000000000000018  0000000000000000   A       0     0     8
  [275] .rodata..Lan[...] PROGBITS         00000000d3cae688  03dae688
       000000000000002d  0000000000000000   A       0     0     1
  [276] .rodata..Lan[...] PROGBITS         00000000d3cae6b8  03dae6b8
       0000000000000010  0000000000000000   A       0     0     8
  [277] .rodata..Lan[...] PROGBITS         00000000d3cae6c8  03dae6c8
       0000000000000018  0000000000000000   A       0     0     8
  [278] .rodata..Lan[...] PROGBITS         00000000d3cae6e0  03dae6e0
       0000000000000018  0000000000000000   A       0     0     8
  [279] .rodata..Lan[...] PROGBITS         00000000d3cae6f8  03dae6f8
       0000000000000028  0000000000000000   A       0     0     1
  [280] .rodata..Lan[...] PROGBITS         00000000d3cae720  03dae720
       000000000000000c  0000000000000000   A       0     0     1
  [281] .rodata..Lan[...] PROGBITS         00000000d3cae730  03dae730
       0000000000000020  0000000000000000   A       0     0     8
  [282] .rodata..Lan[...] PROGBITS         00000000d3cae750  03dae750
       0000000000000018  0000000000000000   A       0     0     8
  [283] .rodata..Lan[...] PROGBITS         00000000d3cae768  03dae768
       0000000000000015  0000000000000000   A       0     0     1
  [284] .rodata..Lan[...] PROGBITS         00000000d3cae780  03dae780
       0000000000000018  0000000000000000   A       0     0     8
  [285] .rodata..Lan[...] PROGBITS         00000000d3cae798  03dae798
       0000000000000016  0000000000000000   A       0     0     1
  [286] .rodata..Lan[...] PROGBITS         00000000d3cae7b0  03dae7b0
       0000000000000010  0000000000000000   A       0     0     8
  [287] .rodata..Lan[...] PROGBITS         00000000d3cae7c0  03dae7c0
       0000000000000018  0000000000000000   A       0     0     8
  [288] .rodata..Lan[...] PROGBITS         00000000d3cae7d8  03dae7d8
       000000000000000b  0000000000000000   A       0     0     1
  [289] .rodata..Lan[...] PROGBITS         00000000d3cae7e8  03dae7e8
       0000000000000018  0000000000000000   A       0     0     8
  [290] .rodata..Lan[...] PROGBITS         00000000d3cae800  03dae800
       0000000000000020  0000000000000000   A       0     0     8
  [291] .rodata..Lan[...] PROGBITS         00000000d3cae820  03dae820
       0000000000000012  0000000000000000   A       0     0     1
  [292] .rodata..Lan[...] PROGBITS         00000000d3cae832  03dae832
       000000000000000a  0000000000000000   A       0     0     1
  [293] .rodata..Lan[...] PROGBITS         00000000d3cae83c  03dae83c
       000000000000000b  0000000000000000   A       0     0     1
  [294] .rodata..Lan[...] PROGBITS         00000000d3cae847  03dae847
       000000000000000a  0000000000000000   A       0     0     1
  [295] .rodata..Lan[...] PROGBITS         00000000d3cae851  03dae851
       000000000000000f  0000000000000000   A       0     0     1
  [296] .rodata..Lan[...] PROGBITS         00000000d3cae860  03dae860
       0000000000000013  0000000000000000   A       0     0     1
  [297] .rodata..Lsw[...] PROGBITS         00000000d3cae878  03dae878
       0000000000000068  0000000000000000   A       0     0     8
  [298] .rodata..Lsw[...] PROGBITS         00000000d3cae8e0  03dae8e0
       0000000000000068  0000000000000000   A       0     0     8
  [299] .rodata..Lsw[...] PROGBITS         00000000d3cae948  03dae948
       00000000000000b0  0000000000000000   A       0     0     8
  [300] .rodata..Lsw[...] PROGBITS         00000000d3cae9f8  03dae9f8
       00000000000000b0  0000000000000000   A       0     0     8
  [301] .rodata..Lsw[...] PROGBITS         00000000d3caeaa8  03daeaa8
       0000000000000038  0000000000000000   A       0     0     8
  [302] .rodata..Lsw[...] PROGBITS         00000000d3caeae0  03daeae0
       0000000000000038  0000000000000000   A       0     0     8
  [303] .rodata..Lsw[...] PROGBITS         00000000d3caeb18  03daeb18
       0000000000000018  0000000000000000   A       0     0     8
  [304] .rodata..Lsw[...] PROGBITS         00000000d3caeb30  03daeb30
       0000000000000018  0000000000000000   A       0     0     8
  [305] .rodata..Lsw[...] PROGBITS         00000000d3caeb48  03daeb48
       0000000000000030  0000000000000000   A       0     0     8
  [306] .rodata..Lsw[...] PROGBITS         00000000d3caeb78  03daeb78
       0000000000000030  0000000000000000   A       0     0     8
  [307] .rodata..Lsw[...] PROGBITS         00000000d3caeba8  03daeba8
       00000000000000c0  0000000000000000   A       0     0     8
  [308] .rodata..Lsw[...] PROGBITS         00000000d3caec68  03daec68
       00000000000000c0  0000000000000000   A       0     0     8
  [309] .rodata..Lsw[...] PROGBITS         00000000d3caed28  03daed28
       0000000000000198  0000000000000000   A       0     0     8
  [310] .rodata..Lsw[...] PROGBITS         00000000d3caeec0  03daeec0
       0000000000000198  0000000000000000   A       0     0     8
  [311] .rodata..Lsw[...] PROGBITS         00000000d3caf058  03daf058
       0000000000000040  0000000000000000   A       0     0     8
  [312] .rodata..Lsw[...] PROGBITS         00000000d3caf098  03daf098
       0000000000000040  0000000000000000   A       0     0     8
  [313] .rodata..Lsw[...] PROGBITS         00000000d3caf0d8  03daf0d8
       0000000000000020  0000000000000000   A       0     0     8
  [314] .rodata..Lsw[...] PROGBITS         00000000d3caf0f8  03daf0f8
       0000000000000110  0000000000000000   A       0     0     8
  [315] .rodata..Lsw[...] PROGBITS         00000000d3caf208  03daf208
       0000000000000110  0000000000000000   A       0     0     8
  [316] .rodata..Lsw[...] PROGBITS         00000000d3caf318  03daf318
       0000000000000030  0000000000000000   A       0     0     8
  [317] .rodata..Lsw[...] PROGBITS         00000000d3caf348  03daf348
       0000000000000030  0000000000000000   A       0     0     8
  [318] .rodata..Lsw[...] PROGBITS         00000000d3caf378  03daf378
       0000000000000050  0000000000000000   A       0     0     8
  [319] .rodata..Lsw[...] PROGBITS         00000000d3caf3c8  03daf3c8
       0000000000000050  0000000000000000   A       0     0     8
  [320] .rodata..Lsw[...] PROGBITS         00000000d3caf418  03daf418
       00000000000000c8  0000000000000000   A       0     0     8
  [321] .rodata..Lsw[...] PROGBITS         00000000d3caf4e0  03daf4e0
       00000000000000c8  0000000000000000   A       0     0     8
  [322] .rodata..Lsw[...] PROGBITS         00000000d3caf5a8  03daf5a8
       0000000000000020  0000000000000000   A       0     0     8
  [323] .rodata..Lsw[...] PROGBITS         00000000d3caf5c8  03daf5c8
       0000000000000080  0000000000000000   A       0     0     8
  [324] .rodata..Lsw[...] PROGBITS         00000000d3caf648  03daf648
       0000000000000030  0000000000000000   A       0     0     8
  [325] .rodata..Lsw[...] PROGBITS         00000000d3caf678  03daf678
       0000000000000030  0000000000000000   A       0     0     8
  [326] .rodata..Lan[...] PROGBITS         00000000d3caf6a8  03daf6a8
       0000000000000011  0000000000000000   A       0     0     1
  [327] .rodata..Lan[...] PROGBITS         00000000d3caf6c0  03daf6c0
       0000000000000010  0000000000000000   A       0     0     8
  [328] .rodata..Lan[...] PROGBITS         00000000d3caf6d0  03daf6d0
       000000000000001a  0000000000000000   A       0     0     1
  [329] .rodata..Lan[...] PROGBITS         00000000d3caf6ea  03daf6ea
       0000000000000015  0000000000000000   A       0     0     1
  [330] .rodata..Lan[...] PROGBITS         00000000d3caf6ff  03daf6ff
       000000000000000d  0000000000000000   A       0     0     1
  [331] .rodata..Lan[...] PROGBITS         00000000d3caf710  03daf710
       0000000000000020  0000000000000000   A       0     0     8
  [332] .rodata..Lan[...] PROGBITS         00000000d3caf730  03daf730
       0000000000000018  0000000000000000   A       0     0     8
  [333] .rodata._ZN4[...] PROGBITS         00000000d3caf748  03daf748
       00000000000002ef  0000000000000000   A       0     0     1
  [334] .rodata..Lan[...] PROGBITS         00000000d3cafa37  03dafa37
       0000000000000007  0000000000000000   A       0     0     1
  [335] .rodata..Lan[...] PROGBITS         00000000d3cafa3e  03dafa3e
       0000000000000001  0000000000000000   A       0     0     1
  [336] .rodata..Lan[...] PROGBITS         00000000d3cafa40  03dafa40
       0000000000000030  0000000000000000   A       0     0     8
  [337] .rodata..Lan[...] PROGBITS         00000000d3cafa70  03dafa70
       0000000000000001  0000000000000000   A       0     0     1
  [338] .rodata..Lan[...] PROGBITS         00000000d3cafa71  03dafa71
       000000000000002b  0000000000000000   A       0     0     1
  [339] .rodata..Lan[...] PROGBITS         00000000d3cafaa0  03dafaa0
       0000000000000030  0000000000000000   A       0     0     8
  [340] .rodata..Lan[...] PROGBITS         00000000d3cafad0  03dafad0
       000000000000000c  0000000000000000   A       0     0     1
  [341] .rodata..Lan[...] PROGBITS         00000000d3cafadc  03dafadc
       0000000000000002  0000000000000000   A       0     0     1
  [342] .rodata..Lan[...] PROGBITS         00000000d3cafade  03dafade
       0000000000000012  0000000000000000   A       0     0     1
  [343] .rodata..Lan[...] PROGBITS         00000000d3cafaf0  03dafaf0
       0000000000000020  0000000000000000   A       0     0     8
  [344] .rodata..Lan[...] PROGBITS         00000000d3cafb10  03dafb10
       0000000000000020  0000000000000000   A       0     0     8
  [345] .rodata..Lan[...] PROGBITS         00000000d3cafb30  03dafb30
       0000000000000020  0000000000000000   A       0     0     8
  [346] .rodata..Lan[...] PROGBITS         00000000d3cafb50  03dafb50
       0000000000000002  0000000000000000   A       0     0     1
  [347] .rodata..Lan[...] PROGBITS         00000000d3cafb52  03dafb52
       0000000000000002  0000000000000000   A       0     0     1
  [348] .rodata..Lan[...] PROGBITS         00000000d3cafb54  03dafb54
       0000000000000017  0000000000000000   A       0     0     1
  [349] .rodata..Lan[...] PROGBITS         00000000d3cafb6b  03dafb6b
       0000000000000009  0000000000000000   A       0     0     1
  [350] .rodata..Lan[...] PROGBITS         00000000d3cafb78  03dafb78
       0000000000000030  0000000000000000   A       0     0     8
  [351] .rodata..Lan[...] PROGBITS         00000000d3cafba8  03dafba8
       0000000000000009  0000000000000000   A       0     0     1
  [352] .rodata..Lan[...] PROGBITS         00000000d3cafbb8  03dafbb8
       0000000000000040  0000000000000000   A       0     0     8
  [353] .rodata..Lan[...] PROGBITS         00000000d3cafbf8  03dafbf8
       0000000000000020  0000000000000000   A       0     0     8
  [354] .rodata..Lan[...] PROGBITS         00000000d3cafc18  03dafc18
       0000000000000030  0000000000000000   A       0     0     8
  [355] .rodata..Lan[...] PROGBITS         00000000d3cafc48  03dafc48
       0000000000000003  0000000000000000   A       0     0     1
  [356] .rodata..Lan[...] PROGBITS         00000000d3cafc4b  03dafc4b
       0000000000000002  0000000000000000   A       0     0     1
  [357] .rodata..Lan[...] PROGBITS         00000000d3cafc4d  03dafc4d
       0000000000000003  0000000000000000   A       0     0     1
  [358] .rodata..Lan[...] PROGBITS         00000000d3cafc50  03dafc50
       0000000000000002  0000000000000000   A       0     0     1
  [359] .rodata..Lan[...] PROGBITS         00000000d3cafc52  03dafc52
       0000000000000001  0000000000000000   A       0     0     1
  [360] .rodata..Lan[...] PROGBITS         00000000d3cafc53  03dafc53
       0000000000000002  0000000000000000   A       0     0     1
  [361] .rodata..Lan[...] PROGBITS         00000000d3cafc55  03dafc55
       0000000000000001  0000000000000000   A       0     0     1
  [362] .rodata..Lan[...] PROGBITS         00000000d3cafc56  03dafc56
       0000000000000002  0000000000000000   A       0     0     1
  [363] .rodata..Lan[...] PROGBITS         00000000d3cafc58  03dafc58
       0000000000000002  0000000000000000   A       0     0     1
  [364] .rodata..Lan[...] PROGBITS         00000000d3cafc5a  03dafc5a
       00000000000000c8  0000000000000000   A       0     0     1
  [365] .rodata..Lan[...] PROGBITS         00000000d3cafd22  03dafd22
       000000000000001b  0000000000000000   A       0     0     1
  [366] .rodata..Lan[...] PROGBITS         00000000d3cafd3d  03dafd3d
       0000000000000005  0000000000000000   A       0     0     1
  [367] .rodata..Lan[...] PROGBITS         00000000d3cafd48  03dafd48
       0000000000000018  0000000000000000   A       0     0     8
  [368] .rodata..Lan[...] PROGBITS         00000000d3cafd60  03dafd60
       0000000000000018  0000000000000000   A       0     0     8
  [369] .rodata..Lan[...] PROGBITS         00000000d3cafd78  03dafd78
       0000000000000018  0000000000000000   A       0     0     8
  [370] .rodata..Lan[...] PROGBITS         00000000d3cafd90  03dafd90
       0000000000000018  0000000000000000   A       0     0     8
  [371] .rodata..Lan[...] PROGBITS         00000000d3cafda8  03dafda8
       000000000000001b  0000000000000000   A       0     0     1
  [372] .rodata..Lan[...] PROGBITS         00000000d3cafdc3  03dafdc3
       0000000000000100  0000000000000000   A       0     0     1
  [373] .rodata..Lan[...] PROGBITS         00000000d3cafec3  03dafec3
       0000000000000005  0000000000000000   A       0     0     1
  [374] .rodata..Lan[...] PROGBITS         00000000d3cafec8  03dafec8
       000000000000000e  0000000000000000   A       0     0     1
  [375] .rodata..Lan[...] PROGBITS         00000000d3cafed6  03dafed6
       0000000000000001  0000000000000000   A       0     0     1
  [376] .rodata..Lan[...] PROGBITS         00000000d3cafed8  03dafed8
       0000000000000040  0000000000000000   A       0     0     8
  [377] .rodata..Lan[...] PROGBITS         00000000d3caff18  03daff18
       000000000000000b  0000000000000000   A       0     0     1
  [378] .rodata..Lan[...] PROGBITS         00000000d3caff23  03daff23
       0000000000000026  0000000000000000   A       0     0     1
  [379] .rodata..Lan[...] PROGBITS         00000000d3caff49  03daff49
       0000000000000006  0000000000000000   A       0     0     1
  [380] .rodata..Lan[...] PROGBITS         00000000d3caff50  03daff50
       0000000000000050  0000000000000000   A       0     0     8
  [381] .rodata..Lan[...] PROGBITS         00000000d3caffa0  03daffa0
       0000000000000016  0000000000000000   A       0     0     1
  [382] .rodata..Lan[...] PROGBITS         00000000d3caffb8  03daffb8
       0000000000000030  0000000000000000   A       0     0     8
  [383] .rodata..Lan[...] PROGBITS         00000000d3caffe8  03daffe8
       0000000000000018  0000000000000000   A       0     0     8
  [384] .rodata..Lan[...] PROGBITS         00000000d3cb0000  03db0000
       0000000000000025  0000000000000000   A       0     0     1
  [385] .rodata..Lan[...] PROGBITS         00000000d3cb0028  03db0028
       0000000000000018  0000000000000000   A       0     0     8
  [386] .rodata..Lan[...] PROGBITS         00000000d3cb0040  03db0040
       0000000000000018  0000000000000000   A       0     0     8
  [387] .rodata..Lan[...] PROGBITS         00000000d3cb0058  03db0058
       0000000000000058  0000000000000000   A       0     0     1
  [388] .rodata..Lan[...] PROGBITS         00000000d3cb00b0  03db00b0
       00000000000000d0  0000000000000000   A       0     0     1
  [389] .rodata..Lan[...] PROGBITS         00000000d3cb0180  03db0180
       00000000000001e6  0000000000000000   A       0     0     1
  [390] .rodata..Lan[...] PROGBITS         00000000d3cb0366  03db0366
       0000000000000050  0000000000000000   A       0     0     1
  [391] .rodata..Lan[...] PROGBITS         00000000d3cb03b6  03db03b6
       0000000000000122  0000000000000000   A       0     0     1
  [392] .rodata..Lan[...] PROGBITS         00000000d3cb04d8  03db04d8
       0000000000000129  0000000000000000   A       0     0     1
  [393] .rodata..Lan[...] PROGBITS         00000000d3cb0601  03db0601
       0000000000000012  0000000000000000   A       0     0     1
  [394] .rodata..Lan[...] PROGBITS         00000000d3cb0613  03db0613
       0000000000000022  0000000000000000   A       0     0     1
  [395] .rodata..Lan[...] PROGBITS         00000000d3cb0638  03db0638
       0000000000000020  0000000000000000   A       0     0     8
  [396] .rodata..Lan[...] PROGBITS         00000000d3cb0658  03db0658
       0000000000000020  0000000000000000   A       0     0     8
  [397] .rodata..Lan[...] PROGBITS         00000000d3cb0678  03db0678
       0000000000000016  0000000000000000   A       0     0     1
  [398] .rodata..Lan[...] PROGBITS         00000000d3cb068e  03db068e
       000000000000000d  0000000000000000   A       0     0     1
  [399] .rodata..Lan[...] PROGBITS         00000000d3cb06a0  03db06a0
       0000000000000020  0000000000000000   A       0     0     8
  [400] .rodata._ZN4[...] PROGBITS         00000000d3cb06c0  03db06c0
       0000000000000088  0000000000000000   A       0     0     4
  [401] .rodata..Lan[...] PROGBITS         00000000d3cb0748  03db0748
       000000000000004f  0000000000000000   A       0     0     1
  [402] .rodata..Lan[...] PROGBITS         00000000d3cb0798  03db0798
       0000000000000020  0000000000000000   A       0     0     8
  [403] .rodata..Lan[...] PROGBITS         00000000d3cb07b8  03db07b8
       0000000000000018  0000000000000000   A       0     0     8
  [404] .rodata..Lan[...] PROGBITS         00000000d3cb07d0  03db07d0
       0000000000000018  0000000000000000   A       0     0     8
  [405] .rodata..Lan[...] PROGBITS         00000000d3cb07e8  03db07e8
       0000000000000018  0000000000000000   A       0     0     8
  [406] .rodata..Lan[...] PROGBITS         00000000d3cb0800  03db0800
       0000000000000018  0000000000000000   A       0     0     8
  [407] .rodata..Lan[...] PROGBITS         00000000d3cb0818  03db0818
       0000000000000003  0000000000000000   A       0     0     1
  [408] .rodata..Lan[...] PROGBITS         00000000d3cb081b  03db081b
       000000000000000a  0000000000000000   A       0     0     1
  [409] .rodata..Lan[...] PROGBITS         00000000d3cb0825  03db0825
       000000000000000e  0000000000000000   A       0     0     1
  [410] .rodata..Lan[...] PROGBITS         00000000d3cb0833  03db0833
       000000000000000b  0000000000000000   A       0     0     1
  [411] .rodata..Lan[...] PROGBITS         00000000d3cb083e  03db083e
       0000000000000026  0000000000000000   A       0     0     1
  [412] .rodata..Lan[...] PROGBITS         00000000d3cb0868  03db0868
       0000000000000018  0000000000000000   A       0     0     8
  [413] .rodata..Lan[...] PROGBITS         00000000d3cb0880  03db0880
       0000000000000029  0000000000000000   A       0     0     1
  [414] .rodata..Lan[...] PROGBITS         00000000d3cb08b0  03db08b0
       0000000000000018  0000000000000000   A       0     0     8
  [415] .rodata..Lan[...] PROGBITS         00000000d3cb08c8  03db08c8
       000000000000000f  0000000000000000   A       0     0     1
  [416] .rodata..Lan[...] PROGBITS         00000000d3cb08d8  03db08d8
       0000000000000018  0000000000000000   A       0     0     8
  [417] .rodata..Lan[...] PROGBITS         00000000d3cb08f0  03db08f0
       0000000000000018  0000000000000000   A       0     0     8
  [418] .rodata..Lan[...] PROGBITS         00000000d3cb0908  03db0908
       0000000000000018  0000000000000000   A       0     0     8
  [419] .rodata..Lan[...] PROGBITS         00000000d3cb0920  03db0920
       0000000000000018  0000000000000000   A       0     0     8
  [420] .rodata..Lan[...] PROGBITS         00000000d3cb0938  03db0938
       0000000000000018  0000000000000000   A       0     0     8
  [421] .rodata..Lan[...] PROGBITS         00000000d3cb0950  03db0950
       0000000000000018  0000000000000000   A       0     0     8
  [422] .rodata..Lan[...] PROGBITS         00000000d3cb0968  03db0968
       000000000000000f  0000000000000000   A       0     0     1
  [423] .rodata..Lan[...] PROGBITS         00000000d3cb0978  03db0978
       0000000000000018  0000000000000000   A       0     0     8
  [424] .rodata..Lan[...] PROGBITS         00000000d3cb0990  03db0990
       0000000000000018  0000000000000000   A       0     0     8
  [425] .rodata..Lan[...] PROGBITS         00000000d3cb09a8  03db09a8
       0000000000000018  0000000000000000   A       0     0     8
  [426] .rodata..Lan[...] PROGBITS         00000000d3cb09c0  03db09c0
       0000000000000018  0000000000000000   A       0     0     8
  [427] .rodata..Lan[...] PROGBITS         00000000d3cb09d8  03db09d8
       0000000000000018  0000000000000000   A       0     0     8
  [428] .rodata..Lan[...] PROGBITS         00000000d3cb09f0  03db09f0
       0000000000000010  0000000000000000   A       0     0     8
  [429] .rodata..Lan[...] PROGBITS         00000000d3cb0a00  03db0a00
       0000000000000018  0000000000000000   A       0     0     8
  [430] .rodata..Lan[...] PROGBITS         00000000d3cb0a18  03db0a18
       0000000000000018  0000000000000000   A       0     0     8
  [431] .rodata..Lan[...] PROGBITS         00000000d3cb0a30  03db0a30
       0000000000000018  0000000000000000   A       0     0     8
  [432] .rodata..Lan[...] PROGBITS         00000000d3cb0a48  03db0a48
       000000000000000c  0000000000000000   A       0     0     1
  [433] .rodata..Lan[...] PROGBITS         00000000d3cb0a58  03db0a58
       0000000000000018  0000000000000000   A       0     0     8
  [434] .rodata..Lan[...] PROGBITS         00000000d3cb0a70  03db0a70
       0000000000000018  0000000000000000   A       0     0     8
  [435] .rodata..Lan[...] PROGBITS         00000000d3cb0a88  03db0a88
       000000000000000f  0000000000000000   A       0     0     1
  [436] .rodata..Lan[...] PROGBITS         00000000d3cb0a98  03db0a98
       0000000000000010  0000000000000000   A       0     0     8
  [437] .rodata..Lan[...] PROGBITS         00000000d3cb0aa8  03db0aa8
       0000000000000018  0000000000000000   A       0     0     8
  [438] .rodata..Lan[...] PROGBITS         00000000d3cb0ac0  03db0ac0
       0000000000000013  0000000000000000   A       0     0     1
  [439] .rodata..Lan[...] PROGBITS         00000000d3cb0ad3  03db0ad3
       000000000000001d  0000000000000000   A       0     0     1
  [440] .rodata..Lan[...] PROGBITS         00000000d3cb0af0  03db0af0
       0000000000000036  0000000000000000   A       0     0     1
  [441] .rodata..Lan[...] PROGBITS         00000000d3cb0b26  03db0b26
       0000000000000056  0000000000000000   A       0     0     1
  [442] .rodata..Lan[...] PROGBITS         00000000d3cb0b7c  03db0b7c
       0000000000000014  0000000000000000   A       0     0     1
  [443] .rodata..Lan[...] PROGBITS         00000000d3cb0b90  03db0b90
       0000000000000018  0000000000000000   A       0     0     8
  [444] .rodata..Lan[...] PROGBITS         00000000d3cb0ba8  03db0ba8
       0000000000000018  0000000000000000   A       0     0     8
  [445] .rodata..Lan[...] PROGBITS         00000000d3cb0bc0  03db0bc0
       0000000000000018  0000000000000000   A       0     0     8
  [446] .rodata..Lan[...] PROGBITS         00000000d3cb0bd8  03db0bd8
       0000000000000024  0000000000000000   A       0     0     1
  [447] .rodata..Lan[...] PROGBITS         00000000d3cb0c00  03db0c00
       0000000000000018  0000000000000000   A       0     0     8
  [448] .rodata..Lan[...] PROGBITS         00000000d3cb0c18  03db0c18
       0000000000000018  0000000000000000   A       0     0     8
  [449] .rodata..Lan[...] PROGBITS         00000000d3cb0c30  03db0c30
       000000000000000e  0000000000000000   A       0     0     1
  [450] .rodata..Lan[...] PROGBITS         00000000d3cb0c40  03db0c40
       0000000000000018  0000000000000000   A       0     0     8
  [451] .rodata..Lan[...] PROGBITS         00000000d3cb0c58  03db0c58
       0000000000000018  0000000000000000   A       0     0     8
  [452] .rodata..Lan[...] PROGBITS         00000000d3cb0c70  03db0c70
       0000000000000018  0000000000000000   A       0     0     8
  [453] .rodata..Lan[...] PROGBITS         00000000d3cb0c88  03db0c88
       0000000000000001  0000000000000000   A       0     0     1
  [454] .rodata..Lan[...] PROGBITS         00000000d3cb0c89  03db0c89
       0000000000000009  0000000000000000   A       0     0     1
  [455] .rodata..Lan[...] PROGBITS         00000000d3cb0c92  03db0c92
       0000000000000057  0000000000000000   A       0     0     1
  [456] .rodata..Lan[...] PROGBITS         00000000d3cb0cf0  03db0cf0
       0000000000000018  0000000000000000   A       0     0     8
  [457] .rodata..Lan[...] PROGBITS         00000000d3cb0d08  03db0d08
       000000000000000e  0000000000000000   A       0     0     1
  [458] .rodata..Lan[...] PROGBITS         00000000d3cb0d18  03db0d18
       0000000000000010  0000000000000000   A       0     0     8
  [459] .rodata..Lan[...] PROGBITS         00000000d3cb0d28  03db0d28
       000000000000004d  0000000000000000   A       0     0     1
  [460] .rodata..Lan[...] PROGBITS         00000000d3cb0d78  03db0d78
       0000000000000018  0000000000000000   A       0     0     8
  [461] .rodata..Lan[...] PROGBITS         00000000d3cb0d90  03db0d90
       0000000000000005  0000000000000000   A       0     0     1
  [462] .rodata..Lan[...] PROGBITS         00000000d3cb0d95  03db0d95
       0000000000000019  0000000000000000   A       0     0     1
  [463] .rodata..Lan[...] PROGBITS         00000000d3cb0dae  03db0dae
       000000000000005b  0000000000000000   A       0     0     1
  [464] .rodata..Lan[...] PROGBITS         00000000d3cb0e10  03db0e10
       0000000000000018  0000000000000000   A       0     0     8
  [465] .rodata..Lan[...] PROGBITS         00000000d3cb0e28  03db0e28
       000000000000005f  0000000000000000   A       0     0     1
  [466] .rodata..Lan[...] PROGBITS         00000000d3cb0e88  03db0e88
       0000000000000018  0000000000000000   A       0     0     8
  [467] .rodata..Lan[...] PROGBITS         00000000d3cb0ea0  03db0ea0
       0000000000000028  0000000000000000   A       0     0     1
  [468] .rodata..Lan[...] PROGBITS         00000000d3cb0ec8  03db0ec8
       0000000000000018  0000000000000000   A       0     0     8
  [469] .rodata..Lan[...] PROGBITS         00000000d3cb0ee0  03db0ee0
       0000000000000027  0000000000000000   A       0     0     1
  [470] .rodata..Lan[...] PROGBITS         00000000d3cb0f08  03db0f08
       0000000000000018  0000000000000000   A       0     0     8
  [471] .rodata..Lan[...] PROGBITS         00000000d3cb0f20  03db0f20
       0000000000000018  0000000000000000   A       0     0     8
  [472] .rodata..Lan[...] PROGBITS         00000000d3cb0f38  03db0f38
       000000000000004a  0000000000000000   A       0     0     1
  [473] .rodata..Lan[...] PROGBITS         00000000d3cb0f82  03db0f82
       0000000000000050  0000000000000000   A       0     0     1
  [474] .rodata..Lan[...] PROGBITS         00000000d3cb0fd8  03db0fd8
       0000000000000018  0000000000000000   A       0     0     8
  [475] .rodata..Lan[...] PROGBITS         00000000d3cb0ff0  03db0ff0
       0000000000000006  0000000000000000   A       0     0     1
  [476] .rodata..Lan[...] PROGBITS         00000000d3cb0ff6  03db0ff6
       0000000000000005  0000000000000000   A       0     0     1
  [477] .rodata..Lan[...] PROGBITS         00000000d3cb0ffb  03db0ffb
       0000000000000002  0000000000000000   A       0     0     1
  [478] .rodata..Lan[...] PROGBITS         00000000d3cb0ffd  03db0ffd
       000000000000000f  0000000000000000   A       0     0     1
  [479] .rodata..Lan[...] PROGBITS         00000000d3cb1010  03db1010
       0000000000000030  0000000000000000   A       0     0     8
  [480] .rodata..Lan[...] PROGBITS         00000000d3cb1040  03db1040
       000000000000000a  0000000000000000   A       0     0     1
  [481] .rodata..Lan[...] PROGBITS         00000000d3cb104a  03db104a
       0000000000000006  0000000000000000   A       0     0     1
  [482] .rodata..Lan[...] PROGBITS         00000000d3cb1050  03db1050
       000000000000000e  0000000000000000   A       0     0     1
  [483] .rodata..Lan[...] PROGBITS         00000000d3cb1060  03db1060
       0000000000000018  0000000000000000   A       0     0     8
  [484] .rodata..Lan[...] PROGBITS         00000000d3cb1078  03db1078
       0000000000000018  0000000000000000   A       0     0     8
  [485] .rodata..Lan[...] PROGBITS         00000000d3cb1090  03db1090
       0000000000000025  0000000000000000   A       0     0     1
  [486] .rodata..Lan[...] PROGBITS         00000000d3cb10b8  03db10b8
       0000000000000018  0000000000000000   A       0     0     8
  [487] .rodata..Lan[...] PROGBITS         00000000d3cb10d0  03db10d0
       0000000000000017  0000000000000000   A       0     0     1
  [488] .rodata..Lan[...] PROGBITS         00000000d3cb10e8  03db10e8
       0000000000000018  0000000000000000   A       0     0     8
  [489] .rodata..Lan[...] PROGBITS         00000000d3cb1100  03db1100
       0000000000000018  0000000000000000   A       0     0     8
  [490] .rodata..Lan[...] PROGBITS         00000000d3cb1118  03db1118
       0000000000000018  0000000000000000   A       0     0     8
  [491] .rodata..Lan[...] PROGBITS         00000000d3cb1130  03db1130
       0000000000000018  0000000000000000   A       0     0     8
  [492] .rodata..Lan[...] PROGBITS         00000000d3cb1148  03db1148
       0000000000000018  0000000000000000   A       0     0     8
  [493] .rodata..Lan[...] PROGBITS         00000000d3cb1160  03db1160
       000000000000000f  0000000000000000   A       0     0     1
  [494] .rodata..Lan[...] PROGBITS         00000000d3cb116f  03db116f
       0000000000000002  0000000000000000   A       0     0     1
  [495] .rodata..Lan[...] PROGBITS         00000000d3cb1171  03db1171
       0000000000000001  0000000000000000   A       0     0     1
  [496] .rodata..Lan[...] PROGBITS         00000000d3cb1178  03db1178
       0000000000000040  0000000000000000   A       0     0     8
  [497] .rodata..Lan[...] PROGBITS         00000000d3cb11b8  03db11b8
       0000000000000090  0000000000000000   A       0     0     8
  [498] .rodata..Lan[...] PROGBITS         00000000d3cb1248  03db1248
       0000000000000020  0000000000000000   A       0     0     8
  [499] .rodata..Lan[...] PROGBITS         00000000d3cb1268  03db1268
       0000000000000029  0000000000000000   A       0     0     1
  [500] .rodata..Lan[...] PROGBITS         00000000d3cb1298  03db1298
       0000000000000018  0000000000000000   A       0     0     8
  [501] .rodata..Lan[...] PROGBITS         00000000d3cb12b0  03db12b0
       0000000000000019  0000000000000000   A       0     0     1
  [502] .rodata..Lan[...] PROGBITS         00000000d3cb12c9  03db12c9
       0000000000000027  0000000000000000   A       0     0     1
  [503] .rodata..Lan[...] PROGBITS         00000000d3cb12f0  03db12f0
       0000000000000018  0000000000000000   A       0     0     8
  [504] .rodata..Lan[...] PROGBITS         00000000d3cb1308  03db1308
       0000000000000018  0000000000000000   A       0     0     8
  [505] .rodata..Lan[...] PROGBITS         00000000d3cb1320  03db1320
       0000000000000018  0000000000000000   A       0     0     8
  [506] .rodata..Lan[...] PROGBITS         00000000d3cb1338  03db1338
       0000000000000018  0000000000000000   A       0     0     8
  [507] .rodata..Lan[...] PROGBITS         00000000d3cb1350  03db1350
       0000000000000018  0000000000000000   A       0     0     8
  [508] .rodata..Lan[...] PROGBITS         00000000d3cb1368  03db1368
       0000000000000018  0000000000000000   A       0     0     8
  [509] .rodata..Lan[...] PROGBITS         00000000d3cb1380  03db1380
       0000000000000018  0000000000000000   A       0     0     8
  [510] .rodata..Lan[...] PROGBITS         00000000d3cb1398  03db1398
       0000000000000018  0000000000000000   A       0     0     8
  [511] .rodata..Lan[...] PROGBITS         00000000d3cb13b0  03db13b0
       000000000000002b  0000000000000000   A       0     0     1
  [512] .rodata..Lan[...] PROGBITS         00000000d3cb13e0  03db13e0
       0000000000000018  0000000000000000   A       0     0     8
  [513] .rodata..Lan[...] PROGBITS         00000000d3cb13f8  03db13f8
       000000000000001f  0000000000000000   A       0     0     1
  [514] .rodata..Lan[...] PROGBITS         00000000d3cb1417  03db1417
       0000000000000021  0000000000000000   A       0     0     1
  [515] .rodata..Lan[...] PROGBITS         00000000d3cb1438  03db1438
       0000000000000018  0000000000000000   A       0     0     8
  [516] .rodata..Lan[...] PROGBITS         00000000d3cb1450  03db1450
       0000000000000018  0000000000000000   A       0     0     8
  [517] .rodata..Lan[...] PROGBITS         00000000d3cb1468  03db1468
       0000000000000018  0000000000000000   A       0     0     8
  [518] .rodata..Lan[...] PROGBITS         00000000d3cb1480  03db1480
       000000000000001f  0000000000000000   A       0     0     1
  [519] .rodata..Lan[...] PROGBITS         00000000d3cb14a0  03db14a0
       0000000000000018  0000000000000000   A       0     0     8
  [520] .rodata..Lan[...] PROGBITS         00000000d3cb14b8  03db14b8
       0000000000000018  0000000000000000   A       0     0     8
  [521] .rodata..Lan[...] PROGBITS         00000000d3cb14d0  03db14d0
       0000000000000018  0000000000000000   A       0     0     8
  [522] .rodata..Lan[...] PROGBITS         00000000d3cb14e8  03db14e8
       0000000000000018  0000000000000000   A       0     0     8
  [523] .rodata..Lan[...] PROGBITS         00000000d3cb1500  03db1500
       0000000000000018  0000000000000000   A       0     0     8
  [524] .rodata..Lan[...] PROGBITS         00000000d3cb1518  03db1518
       0000000000000018  0000000000000000   A       0     0     8
  [525] .rodata..Lan[...] PROGBITS         00000000d3cb1530  03db1530
       0000000000000018  0000000000000000   A       0     0     8
  [526] .rodata..Lan[...] PROGBITS         00000000d3cb1548  03db1548
       000000000000002b  0000000000000000   A       0     0     1
  [527] .rodata..Lan[...] PROGBITS         00000000d3cb1578  03db1578
       0000000000000018  0000000000000000   A       0     0     8
  [528] .rodata..Lan[...] PROGBITS         00000000d3cb1590  03db1590
       0000000000000023  0000000000000000   A       0     0     1
  [529] .rodata..Lan[...] PROGBITS         00000000d3cb15b8  03db15b8
       0000000000000018  0000000000000000   A       0     0     8
  [530] .rodata..Lan[...] PROGBITS         00000000d3cb15d0  03db15d0
       0000000000000018  0000000000000000   A       0     0     8
  [531] .rodata..Lan[...] PROGBITS         00000000d3cb15e8  03db15e8
       0000000000000018  0000000000000000   A       0     0     1
  [532] .rodata..Lan[...] PROGBITS         00000000d3cb1600  03db1600
       0000000000000010  0000000000000000   A       0     0     8
  [533] .rodata..Lan[...] PROGBITS         00000000d3cb1610  03db1610
       0000000000000018  0000000000000000   A       0     0     8
  [534] .rodata..Lan[...] PROGBITS         00000000d3cb1628  03db1628
       0000000000000018  0000000000000000   A       0     0     8
  [535] .rodata..Lan[...] PROGBITS         00000000d3cb1640  03db1640
       000000000000002a  0000000000000000   A       0     0     1
  [536] .rodata..Lan[...] PROGBITS         00000000d3cb1670  03db1670
       0000000000000018  0000000000000000   A       0     0     8
  [537] .rodata..Lan[...] PROGBITS         00000000d3cb1688  03db1688
       0000000000000018  0000000000000000   A       0     0     8
  [538] .rodata..Lan[...] PROGBITS         00000000d3cb16a0  03db16a0
       0000000000000024  0000000000000000   A       0     0     1
  [539] .rodata..Lan[...] PROGBITS         00000000d3cb16c8  03db16c8
       0000000000000018  0000000000000000   A       0     0     8
  [540] .rodata..Lan[...] PROGBITS         00000000d3cb16e0  03db16e0
       0000000000000022  0000000000000000   A       0     0     1
  [541] .rodata..Lan[...] PROGBITS         00000000d3cb1708  03db1708
       0000000000000018  0000000000000000   A       0     0     8
  [542] .rodata..Lan[...] PROGBITS         00000000d3cb1720  03db1720
       000000000000001e  0000000000000000   A       0     0     1
  [543] .rodata..Lan[...] PROGBITS         00000000d3cb1740  03db1740
       0000000000000018  0000000000000000   A       0     0     8
  [544] .rodata..Lan[...] PROGBITS         00000000d3cb1758  03db1758
       0000000000000018  0000000000000000   A       0     0     8
  [545] .rodata..Lan[...] PROGBITS         00000000d3cb1770  03db1770
       0000000000000018  0000000000000000   A       0     0     8
  [546] .rodata..Lan[...] PROGBITS         00000000d3cb1788  03db1788
       0000000000000018  0000000000000000   A       0     0     8
  [547] .rodata..Lan[...] PROGBITS         00000000d3cb17a0  03db17a0
       0000000000000018  0000000000000000   A       0     0     8
  [548] .rodata..Lan[...] PROGBITS         00000000d3cb17b8  03db17b8
       000000000000000f  0000000000000000   A       0     0     1
  [549] .rodata..Lan[...] PROGBITS         00000000d3cb17c8  03db17c8
       0000000000000010  0000000000000000   A       0     0     8
  [550] .rodata..Lan[...] PROGBITS         00000000d3cb17d8  03db17d8
       000000000000001d  0000000000000000   A       0     0     1
  [551] .rodata..Lan[...] PROGBITS         00000000d3cb17f8  03db17f8
       0000000000000018  0000000000000000   A       0     0     8
  [552] .rodata..Lan[...] PROGBITS         00000000d3cb1810  03db1810
       0000000000000006  0000000000000000   A       0     0     1
  [553] .rodata..Lan[...] PROGBITS         00000000d3cb1818  03db1818
       0000000000000018  0000000000000000   A       0     0     8
  [554] .rodata..Lan[...] PROGBITS         00000000d3cb1830  03db1830
       000000000000002d  0000000000000000   A       0     0     1
  [555] .rodata..Lan[...] PROGBITS         00000000d3cb1860  03db1860
       0000000000000018  0000000000000000   A       0     0     8
  [556] .rodata..Lan[...] PROGBITS         00000000d3cb1878  03db1878
       0000000000000027  0000000000000000   A       0     0     1
  [557] .rodata..Lan[...] PROGBITS         00000000d3cb18a0  03db18a0
       0000000000000018  0000000000000000   A       0     0     8
  [558] .rodata..Lan[...] PROGBITS         00000000d3cb18b8  03db18b8
       0000000000000018  0000000000000000   A       0     0     8
  [559] .rodata..Lan[...] PROGBITS         00000000d3cb18d0  03db18d0
       0000000000000018  0000000000000000   A       0     0     8
  [560] .rodata..Lan[...] PROGBITS         00000000d3cb18e8  03db18e8
       0000000000000018  0000000000000000   A       0     0     8
  [561] .rodata..Lan[...] PROGBITS         00000000d3cb1900  03db1900
       0000000000000018  0000000000000000   A       0     0     8
  [562] .rodata..Lan[...] PROGBITS         00000000d3cb1918  03db1918
       0000000000000018  0000000000000000   A       0     0     8
  [563] .rodata..Lan[...] PROGBITS         00000000d3cb1930  03db1930
       0000000000000018  0000000000000000   A       0     0     8
  [564] .rodata..Lan[...] PROGBITS         00000000d3cb1948  03db1948
       000000000000001e  0000000000000000   A       0     0     1
  [565] .rodata..Lan[...] PROGBITS         00000000d3cb1968  03db1968
       0000000000000018  0000000000000000   A       0     0     8
  [566] .rodata..Lan[...] PROGBITS         00000000d3cb1980  03db1980
       000000000000002a  0000000000000000   A       0     0     1
  [567] .rodata..Lan[...] PROGBITS         00000000d3cb19b0  03db19b0
       0000000000000018  0000000000000000   A       0     0     8
  [568] .rodata..Lan[...] PROGBITS         00000000d3cb19c8  03db19c8
       0000000000000018  0000000000000000   A       0     0     8
  [569] .rodata..Lan[...] PROGBITS         00000000d3cb19e0  03db19e0
       0000000000000052  0000000000000000   A       0     0     1
  [570] .rodata..Lan[...] PROGBITS         00000000d3cb1a38  03db1a38
       0000000000000010  0000000000000000   A       0     0     8
  [571] .rodata..Lan[...] PROGBITS         00000000d3cb1a48  03db1a48
       0000000000000018  0000000000000000   A       0     0     8
  [572] .rodata..Lan[...] PROGBITS         00000000d3cb1a60  03db1a60
       0000000000000018  0000000000000000   A       0     0     8
  [573] .rodata..Lan[...] PROGBITS         00000000d3cb1a78  03db1a78
       0000000000000018  0000000000000000   A       0     0     8
  [574] .rodata..Lan[...] PROGBITS         00000000d3cb1a90  03db1a90
       0000000000000018  0000000000000000   A       0     0     8
  [575] .rodata..Lan[...] PROGBITS         00000000d3cb1aa8  03db1aa8
       0000000000000018  0000000000000000   A       0     0     8
  [576] .rodata..Lan[...] PROGBITS         00000000d3cb1ac0  03db1ac0
       0000000000000018  0000000000000000   A       0     0     8
  [577] .rodata..Lan[...] PROGBITS         00000000d3cb1ad8  03db1ad8
       0000000000000018  0000000000000000   A       0     0     8
  [578] .rodata..Lan[...] PROGBITS         00000000d3cb1af0  03db1af0
       0000000000000018  0000000000000000   A       0     0     8
  [579] .rodata..Lan[...] PROGBITS         00000000d3cb1b08  03db1b08
       000000000000001e  0000000000000000   A       0     0     1
  [580] .rodata..Lan[...] PROGBITS         00000000d3cb1b26  03db1b26
       000000000000000b  0000000000000000   A       0     0     1
  [581] .rodata..Lan[...] PROGBITS         00000000d3cb1b31  03db1b31
       0000000000000018  0000000000000000   A       0     0     1
  [582] .rodata..Lan[...] PROGBITS         00000000d3cb1b50  03db1b50
       0000000000000018  0000000000000000   A       0     0     8
  [583] .rodata..Lan[...] PROGBITS         00000000d3cb1b68  03db1b68
       0000000000000018  0000000000000000   A       0     0     8
  [584] .rodata..Lan[...] PROGBITS         00000000d3cb1b80  03db1b80
       0000000000000018  0000000000000000   A       0     0     8
  [585] .rodata..Lan[...] PROGBITS         00000000d3cb1b98  03db1b98
       0000000000000018  0000000000000000   A       0     0     8
  [586] .rodata..Lan[...] PROGBITS         00000000d3cb1bb0  03db1bb0
       000000000000000a  0000000000000000   A       0     0     1
  [587] .rodata..Lan[...] PROGBITS         00000000d3cb1bc0  03db1bc0
       0000000000000018  0000000000000000   A       0     0     8
  [588] .rodata..Lan[...] PROGBITS         00000000d3cb1bd8  03db1bd8
       0000000000000018  0000000000000000   A       0     0     8
  [589] .rodata..Lan[...] PROGBITS         00000000d3cb1bf0  03db1bf0
       0000000000000019  0000000000000000   A       0     0     1
  [590] .rodata..Lan[...] PROGBITS         00000000d3cb1c10  03db1c10
       0000000000000020  0000000000000000   A       0     0     8
  [591] .rodata..Lan[...] PROGBITS         00000000d3cb1c30  03db1c30
       0000000000000018  0000000000000000   A       0     0     8
  [592] .rodata..Lan[...] PROGBITS         00000000d3cb1c48  03db1c48
       0000000000000027  0000000000000000   A       0     0     1
  [593] .rodata..Lan[...] PROGBITS         00000000d3cb1c70  03db1c70
       0000000000000018  0000000000000000   A       0     0     8
  [594] .rodata..Lan[...] PROGBITS         00000000d3cb1c88  03db1c88
       0000000000000018  0000000000000000   A       0     0     8
  [595] .rodata..Lan[...] PROGBITS         00000000d3cb1ca0  03db1ca0
       0000000000000020  0000000000000000   A       0     0     8
  [596] .rodata..Lan[...] PROGBITS         00000000d3cb1cc0  03db1cc0
       000000000000000b  0000000000000000   A       0     0     1
  [597] .rodata..Lan[...] PROGBITS         00000000d3cb1ccb  03db1ccb
       0000000000000011  0000000000000000   A       0     0     1
  [598] .rodata..Lan[...] PROGBITS         00000000d3cb1ce0  03db1ce0
       0000000000000020  0000000000000000   A       0     0     8
  [599] .rodata..Lan[...] PROGBITS         00000000d3cb1d00  03db1d00
       0000000000000018  0000000000000000   A       0     0     1
  [600] .rodata..Lan[...] PROGBITS         00000000d3cb1d18  03db1d18
       0000000000000018  0000000000000000   A       0     0     8
  [601] .rodata..Lan[...] PROGBITS         00000000d3cb1d30  03db1d30
       000000000000000d  0000000000000000   A       0     0     1
  [602] .rodata..Lan[...] PROGBITS         00000000d3cb1d3d  03db1d3d
       000000000000000c  0000000000000000   A       0     0     1
  [603] .rodata..Lan[...] PROGBITS         00000000d3cb1d50  03db1d50
       0000000000000020  0000000000000000   A       0     0     8
  [604] .rodata..Lan[...] PROGBITS         00000000d3cb1d70  03db1d70
       0000000000000016  0000000000000000   A       0     0     1
  [605] .rodata..Lan[...] PROGBITS         00000000d3cb1d88  03db1d88
       0000000000000010  0000000000000000   A       0     0     8
  [606] .rodata..Lan[...] PROGBITS         00000000d3cb1d98  03db1d98
       0000000000000018  0000000000000000   A       0     0     1
  [607] .rodata..Lan[...] PROGBITS         00000000d3cb1db0  03db1db0
       0000000000000010  0000000000000000   A       0     0     8
  [608] .rodata..Lan[...] PROGBITS         00000000d3cb1dc0  03db1dc0
       0000000000000015  0000000000000000   A       0     0     1
  [609] .rodata..Lan[...] PROGBITS         00000000d3cb1dd8  03db1dd8
       0000000000000010  0000000000000000   A       0     0     8
  [610] .rodata..Lan[...] PROGBITS         00000000d3cb1de8  03db1de8
       0000000000000015  0000000000000000   A       0     0     1
  [611] .rodata..Lan[...] PROGBITS         00000000d3cb1e00  03db1e00
       0000000000000010  0000000000000000   A       0     0     8
  [612] .rodata..Lan[...] PROGBITS         00000000d3cb1e10  03db1e10
       0000000000000006  0000000000000000   A       0     0     1
  [613] .rodata..Lan[...] PROGBITS         00000000d3cb1e18  03db1e18
       0000000000000018  0000000000000000   A       0     0     8
  [614] .rodata..Lan[...] PROGBITS         00000000d3cb1e30  03db1e30
       0000000000000018  0000000000000000   A       0     0     8
  [615] .rodata..Lan[...] PROGBITS         00000000d3cb1e48  03db1e48
       0000000000000021  0000000000000000   A       0     0     1
  [616] .rodata..Lan[...] PROGBITS         00000000d3cb1e70  03db1e70
       0000000000000018  0000000000000000   A       0     0     8
  [617] .rodata..Lan[...] PROGBITS         00000000d3cb1e88  03db1e88
       0000000000000018  0000000000000000   A       0     0     8
  [618] .rodata..Lan[...] PROGBITS         00000000d3cb1ea0  03db1ea0
       0000000000000018  0000000000000000   A       0     0     8
  [619] .rodata..Lan[...] PROGBITS         00000000d3cb1eb8  03db1eb8
       000000000000001a  0000000000000000   A       0     0     1
  [620] .rodata..Lan[...] PROGBITS         00000000d3cb1ed2  03db1ed2
       000000000000000b  0000000000000000   A       0     0     1
  [621] .rodata..Lan[...] PROGBITS         00000000d3cb1edd  03db1edd
       000000000000000b  0000000000000000   A       0     0     1
  [622] .rodata..Lan[...] PROGBITS         00000000d3cb1ee8  03db1ee8
       000000000000000f  0000000000000000   A       0     0     1
  [623] .rodata..Lan[...] PROGBITS         00000000d3cb1ef7  03db1ef7
       0000000000000003  0000000000000000   A       0     0     1
  [624] .rodata..Lan[...] PROGBITS         00000000d3cb1efa  03db1efa
       0000000000000002  0000000000000000   A       0     0     1
  [625] .rodata..Lan[...] PROGBITS         00000000d3cb1f00  03db1f00
       0000000000000060  0000000000000000   A       0     0     8
  [626] .rodata..Lan[...] PROGBITS         00000000d3cb1f60  03db1f60
       00000000000000f0  0000000000000000   A       0     0     8
  [627] .rodata..Lan[...] PROGBITS         00000000d3cb2050  03db2050
       0000000000000011  0000000000000000   A       0     0     1
  [628] .rodata..Lan[...] PROGBITS         00000000d3cb2068  03db2068
       0000000000000050  0000000000000000   A       0     0     8
  [629] .rodata..Lan[...] PROGBITS         00000000d3cb20b8  03db20b8
       00000000000000c0  0000000000000000   A       0     0     8
  [630] .rodata..Lan[...] PROGBITS         00000000d3cb2178  03db2178
       0000000000000018  0000000000000000   A       0     0     1
  [631] .rodata..Lan[...] PROGBITS         00000000d3cb2190  03db2190
       0000000000000034  0000000000000000   A       0     0     1
  [632] .rodata..Lan[...] PROGBITS         00000000d3cb21c8  03db21c8
       0000000000000010  0000000000000000   A       0     0     8
  [633] .rodata..Lan[...] PROGBITS         00000000d3cb21d8  03db21d8
       0000000000000030  0000000000000000   A       0     0     8
  [634] .rodata..Lan[...] PROGBITS         00000000d3cb2208  03db2208
       0000000000000018  0000000000000000   A       0     0     8
  [635] .rodata..Lan[...] PROGBITS         00000000d3cb2220  03db2220
       0000000000000018  0000000000000000   A       0     0     8
  [636] .rodata..Lan[...] PROGBITS         00000000d3cb2238  03db2238
       0000000000000039  0000000000000000   A       0     0     1
  [637] .rodata..Lan[...] PROGBITS         00000000d3cb2278  03db2278
       0000000000000018  0000000000000000   A       0     0     8
  [638] .rodata..Lan[...] PROGBITS         00000000d3cb2290  03db2290
       0000000000000012  0000000000000000   A       0     0     1
  [639] .rodata..Lan[...] PROGBITS         00000000d3cb22a2  03db22a2
       000000000000001c  0000000000000000   A       0     0     1
  [640] .rodata..Lan[...] PROGBITS         00000000d3cb22c0  03db22c0
       0000000000000020  0000000000000000   A       0     0     8
  [641] .rodata..Lan[...] PROGBITS         00000000d3cb22e0  03db22e0
       0000000000000060  0000000000000000   A       0     0     8
  [642] .rodata..Lan[...] PROGBITS         00000000d3cb2340  03db2340
       0000000000000018  0000000000000000   A       0     0     8
  [643] .rodata..Lan[...] PROGBITS         00000000d3cb2358  03db2358
       0000000000000022  0000000000000000   A       0     0     1
  [644] .rodata..Lan[...] PROGBITS         00000000d3cb237a  03db237a
       0000000000000033  0000000000000000   A       0     0     1
  [645] .rodata..Lan[...] PROGBITS         00000000d3cb23b0  03db23b0
       0000000000000020  0000000000000000   A       0     0     8
  [646] .rodata..Lan[...] PROGBITS         00000000d3cb23d0  03db23d0
       0000000000000060  0000000000000000   A       0     0     8
  [647] .rodata..Lan[...] PROGBITS         00000000d3cb2430  03db2430
       0000000000000018  0000000000000000   A       0     0     8
  [648] .rodata..Lan[...] PROGBITS         00000000d3cb2448  03db2448
       0000000000000027  0000000000000000   A       0     0     1
  [649] .rodata..Lan[...] PROGBITS         00000000d3cb246f  03db246f
       0000000000000018  0000000000000000   A       0     0     1
  [650] .rodata..Lan[...] PROGBITS         00000000d3cb2488  03db2488
       0000000000000020  0000000000000000   A       0     0     8
  [651] .rodata..Lan[...] PROGBITS         00000000d3cb24a8  03db24a8
       0000000000000018  0000000000000000   A       0     0     8
  [652] .rodata..Lan[...] PROGBITS         00000000d3cb24c0  03db24c0
       0000000000000023  0000000000000000   A       0     0     1
  [653] .rodata..Lan[...] PROGBITS         00000000d3cb24e8  03db24e8
       0000000000000018  0000000000000000   A       0     0     8
  [654] .rodata..Lan[...] PROGBITS         00000000d3cb2500  03db2500
       000000000000001e  0000000000000000   A       0     0     1
  [655] .rodata..Lan[...] PROGBITS         00000000d3cb2520  03db2520
       0000000000000010  0000000000000000   A       0     0     8
  [656] .rodata..Lan[...] PROGBITS         00000000d3cb2530  03db2530
       000000000000001e  0000000000000000   A       0     0     1
  [657] .rodata..Lan[...] PROGBITS         00000000d3cb2550  03db2550
       0000000000000018  0000000000000000   A       0     0     8
  [658] .rodata..Lan[...] PROGBITS         00000000d3cb2568  03db2568
       0000000000000020  0000000000000000   A       0     0     8
  [659] .rodata..Lan[...] PROGBITS         00000000d3cb2588  03db2588
       0000000000000016  0000000000000000   A       0     0     1
  [660] .rodata..Lan[...] PROGBITS         00000000d3cb25a0  03db25a0
       0000000000000018  0000000000000000   A       0     0     8
  [661] .rodata..Lan[...] PROGBITS         00000000d3cb25b8  03db25b8
       0000000000000029  0000000000000000   A       0     0     1
  [662] .rodata..Lan[...] PROGBITS         00000000d3cb25e1  03db25e1
       0000000000000022  0000000000000000   A       0     0     1
  [663] .rodata..Lan[...] PROGBITS         00000000d3cb2603  03db2603
       0000000000000027  0000000000000000   A       0     0     1
  [664] .rodata..Lan[...] PROGBITS         00000000d3cb262a  03db262a
       000000000000002b  0000000000000000   A       0     0     1
  [665] .rodata..Lan[...] PROGBITS         00000000d3cb2655  03db2655
       000000000000002b  0000000000000000   A       0     0     1
  [666] .rodata..Lan[...] PROGBITS         00000000d3cb2680  03db2680
       000000000000003b  0000000000000000   A       0     0     1
  [667] .rodata..Lan[...] PROGBITS         00000000d3cb26c0  03db26c0
       0000000000000018  0000000000000000   A       0     0     8
  [668] .rodata..Lan[...] PROGBITS         00000000d3cb26d8  03db26d8
       0000000000000018  0000000000000000   A       0     0     8
  [669] .rodata..Lan[...] PROGBITS         00000000d3cb26f0  03db26f0
       000000000000002b  0000000000000000   A       0     0     1
  [670] .rodata..Lan[...] PROGBITS         00000000d3cb2720  03db2720
       0000000000000018  0000000000000000   A       0     0     8
  [671] .rodata..Lan[...] PROGBITS         00000000d3cb2738  03db2738
       000000000000002f  0000000000000000   A       0     0     1
  [672] .rodata..Lan[...] PROGBITS         00000000d3cb2768  03db2768
       0000000000000018  0000000000000000   A       0     0     8
  [673] .rodata..Lan[...] PROGBITS         00000000d3cb2780  03db2780
       000000000000002f  0000000000000000   A       0     0     1
  [674] .rodata..Lan[...] PROGBITS         00000000d3cb27b0  03db27b0
       0000000000000018  0000000000000000   A       0     0     8
  [675] .rodata..Lan[...] PROGBITS         00000000d3cb27c8  03db27c8
       0000000000000031  0000000000000000   A       0     0     1
  [676] .rodata..Lan[...] PROGBITS         00000000d3cb2800  03db2800
       0000000000000018  0000000000000000   A       0     0     8
  [677] .rodata..Lan[...] PROGBITS         00000000d3cb2818  03db2818
       0000000000000031  0000000000000000   A       0     0     1
  [678] .rodata..Lan[...] PROGBITS         00000000d3cb2850  03db2850
       0000000000000018  0000000000000000   A       0     0     8
  [679] .rodata..Lan[...] PROGBITS         00000000d3cb2868  03db2868
       0000000000000038  0000000000000000   A       0     0     1
  [680] .rodata..Lan[...] PROGBITS         00000000d3cb28a0  03db28a0
       0000000000000018  0000000000000000   A       0     0     8
  [681] .rodata..Lan[...] PROGBITS         00000000d3cb28b8  03db28b8
       0000000000000010  0000000000000000   A       0     0     8
  [682] .rodata..Lan[...] PROGBITS         00000000d3cb28c8  03db28c8
       0000000000000030  0000000000000000   A       0     0     8
  [683] .rodata..Lan[...] PROGBITS         00000000d3cb28f8  03db28f8
       0000000000000018  0000000000000000   A       0     0     8
  [684] .rodata..Lan[...] PROGBITS         00000000d3cb2910  03db2910
       0000000000000018  0000000000000000   A       0     0     8
  [685] .rodata..Lan[...] PROGBITS         00000000d3cb2928  03db2928
       000000000000003a  0000000000000000   A       0     0     1
  [686] .rodata..Lan[...] PROGBITS         00000000d3cb2968  03db2968
       0000000000000018  0000000000000000   A       0     0     8
  [687] .rodata..Lan[...] PROGBITS         00000000d3cb2980  03db2980
       0000000000000024  0000000000000000   A       0     0     1
  [688] .rodata..Lan[...] PROGBITS         00000000d3cb29a4  03db29a4
       000000000000003d  0000000000000000   A       0     0     1
  [689] .rodata..Lan[...] PROGBITS         00000000d3cb29e8  03db29e8
       0000000000000018  0000000000000000   A       0     0     8
  [690] .rodata..Lan[...] PROGBITS         00000000d3cb2a00  03db2a00
       000000000000002d  0000000000000000   A       0     0     1
  [691] .rodata..Lan[...] PROGBITS         00000000d3cb2a2d  03db2a2d
       000000000000003c  0000000000000000   A       0     0     1
  [692] .rodata..Lan[...] PROGBITS         00000000d3cb2a70  03db2a70
       0000000000000018  0000000000000000   A       0     0     8
  [693] .rodata..Lan[...] PROGBITS         00000000d3cb2a88  03db2a88
       0000000000000029  0000000000000000   A       0     0     1
  [694] .rodata..Lan[...] PROGBITS         00000000d3cb2ab1  03db2ab1
       0000000000000022  0000000000000000   A       0     0     1
  [695] .rodata..Lan[...] PROGBITS         00000000d3cb2ad3  03db2ad3
       000000000000002b  0000000000000000   A       0     0     1
  [696] .rodata..Lan[...] PROGBITS         00000000d3cb2afe  03db2afe
       000000000000003b  0000000000000000   A       0     0     1
  [697] .rodata..Lan[...] PROGBITS         00000000d3cb2b40  03db2b40
       0000000000000018  0000000000000000   A       0     0     8
  [698] .rodata..Lan[...] PROGBITS         00000000d3cb2b58  03db2b58
       0000000000000029  0000000000000000   A       0     0     1
  [699] .rodata..Lan[...] PROGBITS         00000000d3cb2b81  03db2b81
       0000000000000022  0000000000000000   A       0     0     1
  [700] .rodata..Lan[...] PROGBITS         00000000d3cb2ba3  03db2ba3
       000000000000002b  0000000000000000   A       0     0     1
  [701] .rodata..Lan[...] PROGBITS         00000000d3cb2bd0  03db2bd0
       0000000000000010  0000000000000000   A       0     0     8
  [702] .rodata..Lan[...] PROGBITS         00000000d3cb2be0  03db2be0
       0000000000000018  0000000000000000   A       0     0     8
  [703] .rodata..Lan[...] PROGBITS         00000000d3cb2bf8  03db2bf8
       0000000000000010  0000000000000000   A       0     0     8
  [704] .rodata..Lan[...] PROGBITS         00000000d3cb2c08  03db2c08
       0000000000000018  0000000000000000   A       0     0     8
  [705] .rodata..Lan[...] PROGBITS         00000000d3cb2c20  03db2c20
       0000000000000010  0000000000000000   A       0     0     8
  [706] .rodata..Lan[...] PROGBITS         00000000d3cb2c30  03db2c30
       0000000000000018  0000000000000000   A       0     0     8
  [707] .rodata..Lan[...] PROGBITS         00000000d3cb2c48  03db2c48
       000000000000003b  0000000000000000   A       0     0     1
  [708] .rodata..Lan[...] PROGBITS         00000000d3cb2c88  03db2c88
       0000000000000018  0000000000000000   A       0     0     8
  [709] .rodata..Lan[...] PROGBITS         00000000d3cb2ca0  03db2ca0
       0000000000000024  0000000000000000   A       0     0     1
  [710] .rodata..Lan[...] PROGBITS         00000000d3cb2cc8  03db2cc8
       0000000000000018  0000000000000000   A       0     0     8
  [711] .rodata..Lan[...] PROGBITS         00000000d3cb2ce0  03db2ce0
       000000000000000f  0000000000000000   A       0     0     1
  [712] .rodata..Lan[...] PROGBITS         00000000d3cb2cf0  03db2cf0
       0000000000000018  0000000000000000   A       0     0     8
  [713] .rodata..Lan[...] PROGBITS         00000000d3cb2d08  03db2d08
       0000000000000018  0000000000000000   A       0     0     8
  [714] .rodata..Lan[...] PROGBITS         00000000d3cb2d20  03db2d20
       0000000000000019  0000000000000000   A       0     0     1
  [715] .rodata..Lan[...] PROGBITS         00000000d3cb2d40  03db2d40
       0000000000000018  0000000000000000   A       0     0     8
  [716] .rodata..Lan[...] PROGBITS         00000000d3cb2d58  03db2d58
       0000000000000018  0000000000000000   A       0     0     8
  [717] .rodata..Lan[...] PROGBITS         00000000d3cb2d70  03db2d70
       0000000000000018  0000000000000000   A       0     0     8
  [718] .rodata..Lan[...] PROGBITS         00000000d3cb2d88  03db2d88
       0000000000000018  0000000000000000   A       0     0     8
  [719] .rodata..Lan[...] PROGBITS         00000000d3cb2da0  03db2da0
       0000000000000018  0000000000000000   A       0     0     8
  [720] .rodata..Lan[...] PROGBITS         00000000d3cb2db8  03db2db8
       0000000000000018  0000000000000000   A       0     0     8
  [721] .rodata..Lan[...] PROGBITS         00000000d3cb2dd0  03db2dd0
       0000000000000018  0000000000000000   A       0     0     8
  [722] .rodata..Lan[...] PROGBITS         00000000d3cb2de8  03db2de8
       0000000000000018  0000000000000000   A       0     0     8
  [723] .rodata..Lan[...] PROGBITS         00000000d3cb2e00  03db2e00
       0000000000000007  0000000000000000   A       0     0     1
  [724] .rodata..Lan[...] PROGBITS         00000000d3cb2e07  03db2e07
       0000000000000016  0000000000000000   A       0     0     1
  [725] .rodata..Lan[...] PROGBITS         00000000d3cb2e20  03db2e20
       0000000000000018  0000000000000000   A       0     0     8
  [726] .rodata..Lan[...] PROGBITS         00000000d3cb2e38  03db2e38
       0000000000000018  0000000000000000   A       0     0     8
  [727] .rodata..Lan[...] PROGBITS         00000000d3cb2e50  03db2e50
       000000000000001a  0000000000000000   A       0     0     1
  [728] .rodata..Lan[...] PROGBITS         00000000d3cb2e70  03db2e70
       0000000000000018  0000000000000000   A       0     0     8
  [729] .rodata..Lan[...] PROGBITS         00000000d3cb2e88  03db2e88
       0000000000000028  0000000000000000   A       0     0     1
  [730] .rodata..Lan[...] PROGBITS         00000000d3cb2eb0  03db2eb0
       0000000000000040  0000000000000000   A       0     0     8
  [731] .rodata..Lan[...] PROGBITS         00000000d3cb2ef0  03db2ef0
       0000000000000090  0000000000000000   A       0     0     8
  [732] .rodata..Lan[...] PROGBITS         00000000d3cb2f80  03db2f80
       0000000000000018  0000000000000000   A       0     0     8
  [733] .rodata..Lan[...] PROGBITS         00000000d3cb2f98  03db2f98
       0000000000000014  0000000000000000   A       0     0     1
  [734] .rodata..Lan[...] PROGBITS         00000000d3cb2fb0  03db2fb0
       0000000000000018  0000000000000000   A       0     0     8
  [735] .rodata..Lan[...] PROGBITS         00000000d3cb2fc8  03db2fc8
       0000000000000018  0000000000000000   A       0     0     8
  [736] .rodata..Lan[...] PROGBITS         00000000d3cb2fe0  03db2fe0
       0000000000000018  0000000000000000   A       0     0     8
  [737] .rodata..Lan[...] PROGBITS         00000000d3cb2ff8  03db2ff8
       000000000000000f  0000000000000000   A       0     0     1
  [738] .rodata..Lan[...] PROGBITS         00000000d3cb3008  03db3008
       0000000000000018  0000000000000000   A       0     0     8
  [739] .rodata..Lan[...] PROGBITS         00000000d3cb3020  03db3020
       000000000000000c  0000000000000000   A       0     0     1
  [740] .rodata..Lan[...] PROGBITS         00000000d3cb302c  03db302c
       000000000000000b  0000000000000000   A       0     0     1
  [741] .rodata..Lan[...] PROGBITS         00000000d3cb3037  03db3037
       0000000000000013  0000000000000000   A       0     0     1
  [742] .rodata..Lan[...] PROGBITS         00000000d3cb304a  03db304a
       0000000000000014  0000000000000000   A       0     0     1
  [743] .rodata..Lan[...] PROGBITS         00000000d3cb305e  03db305e
       0000000000000013  0000000000000000   A       0     0     1
  [744] .rodata..Lan[...] PROGBITS         00000000d3cb3071  03db3071
       0000000000000009  0000000000000000   A       0     0     1
  [745] .rodata..Lan[...] PROGBITS         00000000d3cb307a  03db307a
       0000000000000005  0000000000000000   A       0     0     1
  [746] .rodata..Lan[...] PROGBITS         00000000d3cb307f  03db307f
       0000000000000045  0000000000000000   A       0     0     1
  [747] .rodata..Lan[...] PROGBITS         00000000d3cb30c8  03db30c8
       0000000000000018  0000000000000000   A       0     0     8
  [748] .rodata..Lan[...] PROGBITS         00000000d3cb30e0  03db30e0
       0000000000000018  0000000000000000   A       0     0     8
  [749] .rodata..Lan[...] PROGBITS         00000000d3cb30f8  03db30f8
       0000000000000018  0000000000000000   A       0     0     8
  [750] .rodata..Lan[...] PROGBITS         00000000d3cb3110  03db3110
       0000000000000018  0000000000000000   A       0     0     8
  [751] .rodata..Lan[...] PROGBITS         00000000d3cb3128  03db3128
       0000000000000018  0000000000000000   A       0     0     8
  [752] .rodata..Lan[...] PROGBITS         00000000d3cb3140  03db3140
       0000000000000018  0000000000000000   A       0     0     8
  [753] .rodata..Lan[...] PROGBITS         00000000d3cb3158  03db3158
       0000000000000018  0000000000000000   A       0     0     8
  [754] .rodata..Lan[...] PROGBITS         00000000d3cb3170  03db3170
       0000000000000018  0000000000000000   A       0     0     8
  [755] .rodata..Lan[...] PROGBITS         00000000d3cb3188  03db3188
       0000000000000018  0000000000000000   A       0     0     8
  [756] .rodata..Lan[...] PROGBITS         00000000d3cb31a0  03db31a0
       0000000000000018  0000000000000000   A       0     0     8
  [757] .rodata..Lan[...] PROGBITS         00000000d3cb31b8  03db31b8
       0000000000000018  0000000000000000   A       0     0     8
  [758] .rodata..Lan[...] PROGBITS         00000000d3cb31d0  03db31d0
       0000000000000018  0000000000000000   A       0     0     8
  [759] .rodata..Lan[...] PROGBITS         00000000d3cb31e8  03db31e8
       0000000000000018  0000000000000000   A       0     0     8
  [760] .rodata..Lan[...] PROGBITS         00000000d3cb3200  03db3200
       0000000000000018  0000000000000000   A       0     0     8
  [761] .rodata..Lan[...] PROGBITS         00000000d3cb3218  03db3218
       0000000000000018  0000000000000000   A       0     0     8
  [762] .rodata..Lan[...] PROGBITS         00000000d3cb3230  03db3230
       0000000000000018  0000000000000000   A       0     0     8
  [763] .rodata..Lan[...] PROGBITS         00000000d3cb3248  03db3248
       0000000000000018  0000000000000000   A       0     0     8
  [764] .rodata..Lan[...] PROGBITS         00000000d3cb3260  03db3260
       0000000000000018  0000000000000000   A       0     0     8
  [765] .rodata..Lan[...] PROGBITS         00000000d3cb3278  03db3278
       0000000000000018  0000000000000000   A       0     0     8
  [766] .rodata..Lan[...] PROGBITS         00000000d3cb3290  03db3290
       0000000000000018  0000000000000000   A       0     0     8
  [767] .rodata..Lan[...] PROGBITS         00000000d3cb32a8  03db32a8
       0000000000000018  0000000000000000   A       0     0     8
  [768] .rodata..Lan[...] PROGBITS         00000000d3cb32c0  03db32c0
       0000000000000018  0000000000000000   A       0     0     8
  [769] .rodata..Lan[...] PROGBITS         00000000d3cb32d8  03db32d8
       0000000000000018  0000000000000000   A       0     0     8
  [770] .rodata..Lan[...] PROGBITS         00000000d3cb32f0  03db32f0
       0000000000000018  0000000000000000   A       0     0     8
  [771] .rodata..Lan[...] PROGBITS         00000000d3cb3308  03db3308
       0000000000000018  0000000000000000   A       0     0     8
  [772] .rodata..Lan[...] PROGBITS         00000000d3cb3320  03db3320
       000000000000000b  0000000000000000   A       0     0     1
  [773] .rodata..Lan[...] PROGBITS         00000000d3cb332b  03db332b
       0000000000000030  0000000000000000   A       0     0     1
  [774] .rodata..Lan[...] PROGBITS         00000000d3cb335b  03db335b
       000000000000006a  0000000000000000   A       0     0     1
  [775] .rodata..Lan[...] PROGBITS         00000000d3cb33c8  03db33c8
       0000000000000018  0000000000000000   A       0     0     8
  [776] .rodata..Lan[...] PROGBITS         00000000d3cb33e0  03db33e0
       0000000000000038  0000000000000000   A       0     0     1
  [777] .rodata..Lan[...] PROGBITS         00000000d3cb3418  03db3418
       0000000000000018  0000000000000000   A       0     0     8
  [778] .rodata..Lan[...] PROGBITS         00000000d3cb3430  03db3430
       0000000000000020  0000000000000000   A       0     0     8
  [779] .rodata..Lan[...] PROGBITS         00000000d3cb3450  03db3450
       000000000000002b  0000000000000000   A       0     0     1
  [780] .rodata..Lan[...] PROGBITS         00000000d3cb3480  03db3480
       0000000000000018  0000000000000000   A       0     0     8
  [781] .rodata..Lan[...] PROGBITS         00000000d3cb3498  03db3498
       000000000000002b  0000000000000000   A       0     0     1
  [782] .rodata..Lan[...] PROGBITS         00000000d3cb34c8  03db34c8
       0000000000000018  0000000000000000   A       0     0     8
  [783] .rodata..Lan[...] PROGBITS         00000000d3cb34e0  03db34e0
       0000000000000018  0000000000000000   A       0     0     8
  [784] .rodata..Lan[...] PROGBITS         00000000d3cb34f8  03db34f8
       000000000000000c  0000000000000000   A       0     0     1
  [785] .rodata..Lan[...] PROGBITS         00000000d3cb3504  03db3504
       0000000000000019  0000000000000000   A       0     0     1
  [786] .rodata..Lan[...] PROGBITS         00000000d3cb351d  03db351d
       0000000000000001  0000000000000000   A       0     0     1
  [787] .rodata..Lan[...] PROGBITS         00000000d3cb351e  03db351e
       000000000000000d  0000000000000000   A       0     0     1
  [788] .rodata..Lan[...] PROGBITS         00000000d3cb3530  03db3530
       0000000000000040  0000000000000000   A       0     0     8
  [789] .rodata..Lan[...] PROGBITS         00000000d3cb3570  03db3570
       0000000000000018  0000000000000000   A       0     0     8
  [790] .rodata..Lan[...] PROGBITS         00000000d3cb3588  03db3588
       0000000000000002  0000000000000000   A       0     0     1
  [791] .rodata..Lan[...] PROGBITS         00000000d3cb358a  03db358a
       000000000000000f  0000000000000000   A       0     0     1
  [792] .rodata..Lan[...] PROGBITS         00000000d3cb35a0  03db35a0
       0000000000000020  0000000000000000   A       0     0     8
  [793] .rodata..Lan[...] PROGBITS         00000000d3cb35c0  03db35c0
       0000000000000028  0000000000000000   A       0     0     1
  [794] .rodata..Lan[...] PROGBITS         00000000d3cb35e8  03db35e8
       0000000000000022  0000000000000000   A       0     0     1
  [795] .rodata..Lan[...] PROGBITS         00000000d3cb360a  03db360a
       000000000000004a  0000000000000000   A       0     0     1
  [796] .rodata..Lan[...] PROGBITS         00000000d3cb3658  03db3658
       0000000000000018  0000000000000000   A       0     0     8
  [797] .rodata..Lan[...] PROGBITS         00000000d3cb3670  03db3670
       0000000000000022  0000000000000000   A       0     0     1
  [798] .rodata..Lan[...] PROGBITS         00000000d3cb3698  03db3698
       0000000000000018  0000000000000000   A       0     0     8
  [799] .rodata..Lsw[...] PROGBITS         00000000d3cb36b0  03db36b0
       0000000000000018  0000000000000000   A       0     0     8
  [800] .rodata..Lsw[...] PROGBITS         00000000d3cb36c8  03db36c8
       0000000000000018  0000000000000000   A       0     0     8
  [801] .rodata..Lsw[...] PROGBITS         00000000d3cb36e0  03db36e0
       0000000000000018  0000000000000000   A       0     0     8
  [802] .rodata..Lsw[...] PROGBITS         00000000d3cb36f8  03db36f8
       0000000000000018  0000000000000000   A       0     0     8
  [803] .rodata..Lsw[...] PROGBITS         00000000d3cb3710  03db3710
       0000000000000018  0000000000000000   A       0     0     8
  [804] .rodata..Lsw[...] PROGBITS         00000000d3cb3728  03db3728
       0000000000000018  0000000000000000   A       0     0     8
  [805] .rodata..Lsw[...] PROGBITS         00000000d3cb3740  03db3740
       0000000000000018  0000000000000000   A       0     0     8
  [806] .rodata..Lsw[...] PROGBITS         00000000d3cb3758  03db3758
       0000000000000033  0000000000000000   A       0     0     1
  [807] .rodata..Lsw[...] PROGBITS         00000000d3cb378b  03db378b
       0000000000000022  0000000000000000   A       0     0     1
  [808] .rodata..Lsw[...] PROGBITS         00000000d3cb37b0  03db37b0
       0000000000000038  0000000000000000   A       0     0     8
  [809] .rodata..Lsw[...] PROGBITS         00000000d3cb37e8  03db37e8
       0000000000000178  0000000000000000   A       0     0     8
  [810] .eh_frame         PROGBITS         00000000d3cb3960  03db3960
       0000000000001b9c  0000000000000000   A       0     0     8
  [811] .bss              NOBITS           00000000d3cb6000  03db6000
       0000000000001000  0000000000000000  WA       0     0     4096
  [812] .data._ZN11h[...] PROGBITS         00000000d3cb7000  03db7000
       00000000000005b8  0000000000000000  WA       0     0     8
  [813] .comment          PROGBITS         0000000000000000  03db75b8
       000000000000008b  0000000000000001  MS       0     0     1
  [814] .riscv.attributes RISCV_ATTRIBUTE  0000000000000000  03db7643
       0000000000000066  0000000000000000           0     0     1
  [815] .symtab           SYMTAB           0000000000000000  03db76b0
       000000000002a7e0  0000000000000018          817   7236     8
  [816] .shstrtab         STRTAB           0000000000000000  03de1e90
       000000000000ab9b  0000000000000000           0     0     1
  [817] .strtab           STRTAB           0000000000000000  03deca2b
       000000000001649c  0000000000000000           0     0     1
Key to Flags:
  W (write), A (alloc), X (execute), M (merge), S (strings), I (info),
  L (link order), O (extra OS processing required), G (group), T (TLS),
  C (compressed), x (unknown), o (OS specific), E (exclude),
  D (mbind), p (processor specific)
